{"stats":{"minecraft:dropped":{"iceandfire:raw_silver":2,"born_in_chaos_v1:shattered_skull":1,"minecraft:wheat_seeds":9,"minecraft:mossy_cobblestone":6,"minecraft:cobblestone":24,"minecraft:book":1,"minecraft:jungle_planks":4,"minecraft:rail":2,"minecraft:cobblestone_stairs":2,"minecraft:polished_andesite":2,"minecraft:cobweb":4,"minecraft:dirt":7,"minecraft:jungle_sapling":1,"minecraft:chain":4,"minecraft:mossy_cobblestone_stairs":1,"minecraft:paper":1,"minecraft:white_wool":2,"minecraft:spruce_sapling":1,"minecraft:gravel":16,"minecraft:crimson_fungus":1,"alexsmobs:animal_dictionary":1,"minecraft:cocoa_beans":8,"minecraft:rotten_flesh":55,"minecraft:torchflower_seeds":1,"minecraft:pumpkin_seeds":1,"minecraft:chiseled_stone_bricks":1,"supplementaries:flax_seeds":4,"supplementaries:ash":12,"iceandfire:ghost_chest":1,"minecraft:flower_pot":1,"minecraft:gunpowder":2,"minecraft:mossy_stone_bricks":4,"luminousworld:groundpebbles_1":3,"minecraft:beetroot_seeds":4,"minecraft:melon_seeds":4,"minecraft:spider_eye":3,"minecraft:stone_bricks":11,"minecraft:stone_brick_stairs":2},"minecraft:broken":{"minecraft:stone_sword":1,"minecraft:iron_boots":1,"minecraft:iron_leggings":1,"minecraft:stone_pickaxe":1,"minecraft:shield":1},"minecraft:killed_by":{"minecraft:evoker":2,"undead_revamp2:sucker":1,"illagerinvasion:basher":1,"minecraft:creeper":2,"undead_revamp2:clogger":1,"minecraft:vindicator":2,"minecraft:vex":9},"minecraft:killed":{"illagerinvasion:archivist":5,"minecraft:evoker":2,"minecraft:vex":2,"born_in_chaos_v1:zombie_lumberjack":1,"born_in_chaos_v1:zombie_clown_not_despawn":2,"born_in_chaos_v1:door_knight_not_despawn":1,"minecraft:spider":4,"minecraft:vindicator":12,"illagerinvasion:marauder":2,"undead_revamp2:thesmoker":2,"born_in_chaos_v1:skeleton_thrasher_not_despawn":1,"undead_revamp2:bomber":1,"enemyexpansion:direwolf":3,"undead_revamp2:theswarmer":1,"born_in_chaos_v1:baby_skeleton_minion":11,"illagerinvasion:basher":3,"born_in_chaos_v1:maggot":12,"minecraft:skeleton":3,"alexsmobs:leafcutter_ant":2,"minecraft:chicken":1,"illagerinvasion:provoker":6,"born_in_chaos_v1:skeleton_thrasher":1,"minecraft:silverfish":3,"born_in_chaos_v1:corpse_fish":1,"born_in_chaos_v1:supreme_bonescaller_stage_2":1,"born_in_chaos_v1:firelight_not_despawn":1,"enemyexpansion:vampflyer":1,"minecraft:pig":5,"born_in_chaos_v1:bone_imp_minion":19,"minecraft:zombie_villager":1,"born_in_chaos_v1:baby_skeleton":1,"born_in_chaos_v1:swarmer":1,"undead_revamp2:theheavy":1,"minecraft:creeper":1,"born_in_chaos_v1:decrepit_skeleton":7,"minecraft:sheep":2,"enemyexpansion:crawler":1,"enemyexpansion:botfly":3,"minecraft:zombie":19,"iceandfire:ghost":4,"born_in_chaos_v1:dread_hound":1,"born_in_chaos_v1:corpse_fly":10,"born_in_chaos_v1:bonescaller_not_despawn":2,"enemyexpansion:huntsman":1,"born_in_chaos_v1:dark_vortex":1,"minecraft:stray":8,"alexsmobs:fly":1,"born_in_chaos_v1:door_knight":1,"enemyexpansion:slugger":1,"minecraft:cow":4},"minecraft:custom":{"minecraft:interact_with_anvil":12,"minecraft:inspect_dropper":3,"minecraft:mob_kills":197,"minecraft:interact_with_crafting_table":24,"minecraft:open_barrel":35,"minecraft:damage_dealt_resisted":5361,"minecraft:leave_game":5,"minecraft:time_since_death":47401,"minecraft:climb_one_cm":88944,"minecraft:sprint_one_cm":330188,"minecraft:walk_one_cm":1283642,"minecraft:damage_blocked_by_shield":3480,"minecraft:drop":80,"minecraft:play_time":235379,"minecraft:sneak_time":21589,"minecraft:deaths":20,"minecraft:walk_under_water_one_cm":28363,"minecraft:jump":2589,"minecraft:interact_with_brewingstand":4,"minecraft:interact_with_blast_furnace":1,"minecraft:walk_on_water_one_cm":183197,"minecraft:total_world_time":235379,"minecraft:interact_with_furnace":57,"tombstone:raider_killed":30,"minecraft:sleep_in_bed":2,"minecraft:time_since_rest":47019,"minecraft:damage_taken":11521,"minecraft:damage_absorbed":229,"minecraft:trigger_trapped_chest":4,"minecraft:damage_dealt":40112,"minecraft:swim_one_cm":62889,"minecraft:fly_one_cm":271215,"minecraft:open_chest":74,"minecraft:crouch_one_cm":95079,"tombstone:undead_killed":92,"minecraft:inspect_dispenser":10,"minecraft:fall_one_cm":27793},"minecraft:crafted":{"minecraft:oak_planks":8,"minecraft:cobweb":1,"minecraft:furnace":2,"sophisticatedbackpacks:crafting_upgrade":1,"minecraft:cooked_mutton":4,"minecraft:diamond_helmet":1,"minecraft:iron_boots":1,"born_in_chaos_v1:bone_handle":1,"minecraft:stone_pickaxe":1,"quark:spruce_chest":3,"minecraft:cooked_beef":6,"minecraft:diamond_sword":1,"sophisticatedbackpacks:backpack":1,"minecraft:cooked_porkchop":10,"minecraft:crafting_table":2,"minecraft:spruce_planks":60,"minecraft:wooden_pickaxe":1,"minecraft:iron_helmet":1,"minecraft:iron_sword":2,"minecraft:cooked_salmon":12,"sophisticatedbackpacks:upgrade_base":1,"minecraft:air":0,"minecraft:jungle_planks":4,"minecraft:iron_chestplate":1,"minecraft:shield":1,"minecraft:stick":20,"minecraft:iron_ingot":44,"minecraft:wooden_axe":1,"minecraft:stone_sword":1,"minecraft:iron_leggings":2,"minecraft:torch":52,"minecraft:diamond_chestplate":1},"minecraft:mined":{"iceandfire:silver_ore":2,"iceandfire:graveyard_soil":8,"minecraft:mossy_cobblestone":6,"minecraft:cobblestone_stairs":2,"minecraft:jungle_leaves":17,"minecraft:potted_crimson_fungus":1,"placeablesmod:melon_block_1":1,"minecraft:granite":1,"minecraft:infested_cobblestone":6,"minecraft:grass_block":4,"minecraft:jungle_planks":2,"minecraft:spruce_leaves":3,"minecraft:chiseled_stone_bricks":5,"minecraft:spawner":11,"minecraft:mossy_cobblestone_slab":1,"minecraft:furnace":10,"minecraft:mossy_cobblestone_stairs":1,"minecraft:iron_ore":35,"minecraft:fire":4,"minecraft:vine":23,"luminousworld:groundpebbles_2":2,"minecraft:bamboo":2,"minecraft:stone":69,"minecraft:iron_block":2,"minecraft:glass_pane":4,"minecraft:torch":4,"minecraft:crafting_table":6,"minecraft:melon":5,"iceandfire:ghost_chest":2,"minecraft:cobblestone":61,"placeablesmod:bread_full_block":2,"minecraft:wall_torch":1,"supplementaries:urn":4,"minecraft:chain":4,"ecologics:seashell":1,"minecraft:spruce_log":14,"minecraft:stone_brick_stairs":2,"minecraft:yellow_bed":6,"minecraft:grass":37,"minecraft:coal_ore":37,"minecraft:oak_log":2,"minecraft:gravel":20,"minecraft:dirt":26,"minecraft:cobweb":11,"minecraft:mossy_stone_bricks":5,"minecraft:stone_bricks":35,"minecraft:polished_andesite":2,"minecraft:gold_ore":22,"minecraft:chipped_anvil":2,"minecraft:oak_leaves":10,"minecraft:fern":4,"minecraft:emerald_block":2},"minecraft:used":{"minecraft:iron_shovel":9,"minecraft:stone_sword":114,"minecraft:spruce_planks":3,"minecraft:shield":58,"minecraft:iron_sword":283,"minecraft:cooked_salmon":12,"minecraft:iron_chestplate":1,"minecraft:torch":75,"minecraft:dirt":20,"iceandfire:copper_sword":92,"ecologics:seashell":1,"minecraft:carrot":13,"minecraft:granite":1,"minecraft:wooden_axe":31,"born_in_chaos_v1:corpse_maggot":16,"born_in_chaos_v1:smoked_flesh":16,"minecraft:chipped_anvil":1,"quark:spruce_chest":1,"minecraft:iron_axe":13,"minecraft:iron_helmet":1,"minecraft:iron_boots":1,"minecraft:stone_bricks":18,"minecraft:diamond_chestplate":1,"minecraft:bow":67,"minecraft:sweet_berries":10,"minecraft:furnace":12,"tombstone:gift":7,"minecraft:cooked_beef":6,"minecraft:iron_leggings":1,"minecraft:cooked_mutton":4,"minecraft:stone_pickaxe":131,"minecraft:wooden_pickaxe":21,"minecraft:cookie":5,"minecraft:golden_apple":7,"minecraft:glow_berries":18,"minecraft:crafting_table":7,"tombstone:bag_of_seeds":6,"minecraft:apple":3,"born_in_chaos_v1:monster_flesh":1,"minecraft:bread":30,"minecraft:melon_slice":23,"minecraft:iron_pickaxe":191,"minecraft:gravel":6,"minecraft:chiseled_stone_bricks":2,"minecraft:diamond_sword":667,"minecraft:cobblestone":81,"illagerinvasion:platinum_infused_hatchet":1,"minecraft:cooked_porkchop":9,"minecraft:birch_log":1,"quark:oak_chest":1,"minecraft:chest_minecart":1,"minecraft:yellow_bed":5,"minecraft:cobweb":1},"minecraft:picked_up":{"minecraft:iron_chestplate":1,"iceandfire:copper_sword":1,"minecraft:cocoa_beans":2,"luminousworld:groundpebbles_1":3,"minecraft:crafting_table":6,"minecraft:chainmail_boots":1,"minecraft:flower_pot":1,"born_in_chaos_v1:seedof_chaos":2,"ecologics:seashell":1,"minecraft:stone_brick_stairs":2,"minecraft:chain":4,"minecraft:shield":1,"minecraft:iron_leggings":1,"iceandfire:manuscript":1,"born_in_chaos_v1:intoxicating_decoction":5,"minecraft:string":15,"minecraft:iron_axe":2,"minecraft:iron_shovel":1,"iceandfire:graveyard_soil":2,"illagerinvasion:platinum_infused_hatchet":1,"minecraft:gold_nugget":6,"minecraft:beef":6,"minecraft:jungle_sapling":1,"minecraft:iron_nugget":18,"minecraft:melon_slice":24,"minecraft:iron_boots":1,"minecraft:furnace":10,"minecraft:tipped_arrow":7,"minecraft:raw_iron":35,"minecraft:stick":5,"iceandfire:ghost_chest":3,"born_in_chaos_v1:shattered_skull":1,"minecraft:copper_ingot":1,"minecraft:torch":9,"minecraft:porkchop":10,"minecraft:cookie":5,"tombstone:grave_dust":6,"born_in_chaos_v1:pieceofdarkmetal":4,"alexsmobs:leafcutter_ant_pupa":1,"iceandfire:silver_ingot":6,"minecraft:stone_sword":1,"minecraft:arrow":15,"minecraft:rotten_flesh":76,"minecraft:beetroot_seeds":2,"minecraft:iron_block":2,"minecraft:gold_ingot":2,"minecraft:totem_of_undying":2,"supplementaries:ash":12,"minecraft:mutton":4,"minecraft:skeleton_skull":1,"minecraft:rail":2,"minecraft:white_wool":2,"minecraft:cobblestone":149,"minecraft:birch_log":1,"born_in_chaos_v1:staffof_magic_arrows":1,"born_in_chaos_v1:corpse_maggot":16,"born_in_chaos_v1:monster_flesh":1,"minecraft:jungle_log":1,"minecraft:leather":3,"minecraft:flint":1,"minecraft:crimson_fungus":1,"minecraft:oak_log":2,"minecraft:chainmail_chestplate":1,"iceandfire:ectoplasm":4,"minecraft:yellow_bed":6,"minecraft:gunpowder":2,"minecraft:cobblestone_stairs":2,"minecraft:dirt":28,"minecraft:paper":5,"minecraft:bone":54,"minecraft:chipped_anvil":2,"minecraft:stone_bricks":29,"minecraft:bow":2,"minecraft:wheat_seeds":3,"minecraft:raw_gold":22,"minecraft:iron_ingot":3,"minecraft:cobweb":12,"tombstone:bag_of_seeds":5,"minecraft:mossy_stone_bricks":4,"minecraft:bamboo":1,"minecraft:iron_sword":1,"minecraft:book":1,"minecraft:emerald_block":2,"minecraft:chiseled_stone_bricks":5,"born_in_chaos_v1:orbofthe_summoner":1,"born_in_chaos_v1:ethereal_spirit":1,"minecraft:gravel":22,"born_in_chaos_v1:dark_rod":1,"minecraft:jungle_planks":4,"minecraft:stripped_spruce_log":1,"minecraft:spruce_sapling":1,"minecraft:spruce_log":14,"minecraft:spider_eye":3,"undead_revamp2:heavytooth":2,"minecraft:mossy_cobblestone":6,"minecraft:bundle":3,"minecraft:polished_andesite":2,"born_in_chaos_v1:fire_dust":1,"minecraft:iron_helmet":1,"minecraft:granite":1,"minecraft:mossy_cobblestone_stairs":1,"minecraft:bread":4,"minecraft:emerald":17,"tombstone:magic_scroll":2,"minecraft:coal":272,"iceandfire:raw_silver":2}},"DataVersion":3465}