{"stats":{"minecraft:killed":{"minecraft:pig":1,"born_in_chaos_v1:decrepit_skeleton":1,"minecraft:skeleton":1,"born_in_chaos_v1:corpse_fly":3,"born_in_chaos_v1:corpse_fish":1,"born_in_chaos_v1:door_knight":1,"minecraft:cow":4},"minecraft:used":{"minecraft:stone_sword":80,"minecraft:stone_pickaxe":101,"minecraft:wooden_pickaxe":20,"minecraft:shield":6,"minecraft:iron_chestplate":1,"minecraft:torch":3,"minecraft:crafting_table":5,"minecraft:wooden_axe":18,"minecraft:melon_slice":3,"minecraft:iron_boots":1,"minecraft:gravel":3,"minecraft:cobblestone":11,"minecraft:furnace":3,"tombstone:gift":1,"minecraft:iron_leggings":1},"minecraft:mined":{"minecraft:crafting_table":5,"minecraft:torch":1,"minecraft:melon":1,"minecraft:cobblestone":5,"minecraft:spruce_leaves":3,"minecraft:wall_torch":1,"minecraft:furnace":3,"minecraft:iron_ore":21,"minecraft:spruce_log":14,"minecraft:grass":3,"minecraft:coal_ore":37,"minecraft:gravel":4,"minecraft:dirt":1,"minecraft:stone":51},"minecraft:killed_by":{"undead_revamp2:sucker":1},"minecraft:picked_up":{"born_in_chaos_v1:corpse_maggot":4,"luminousworld:groundpebbles_1":1,"minecraft:crafting_table":5,"minecraft:leather":3,"minecraft:flint":1,"minecraft:dirt":1,"minecraft:bone":2,"minecraft:bow":1,"minecraft:beef":6,"minecraft:melon_slice":3,"minecraft:iron_boots":1,"minecraft:furnace":3,"minecraft:raw_iron":21,"minecraft:torch":2,"minecraft:gravel":6,"minecraft:porkchop":2,"minecraft:spruce_sapling":1,"minecraft:spruce_log":14,"minecraft:stone_sword":1,"minecraft:arrow":2,"minecraft:rotten_flesh":3,"minecraft:coal":132,"minecraft:cobblestone":56},"minecraft:custom":{"minecraft:interact_with_furnace":10,"minecraft:mob_kills":13,"minecraft:interact_with_crafting_table":11,"minecraft:damage_dealt_resisted":768,"minecraft:leave_game":1,"minecraft:time_since_death":9009,"minecraft:climb_one_cm":754,"minecraft:time_since_rest":6850,"minecraft:sprint_one_cm":13378,"minecraft:damage_taken":419,"minecraft:walk_one_cm":194133,"minecraft:damage_blocked_by_shield":255,"minecraft:damage_dealt":1896,"minecraft:swim_one_cm":16592,"minecraft:fly_one_cm":16389,"minecraft:crouch_one_cm":8095,"minecraft:play_time":45589,"tombstone:undead_killed":3,"minecraft:deaths":2,"minecraft:sneak_time":2512,"minecraft:walk_under_water_one_cm":2958,"minecraft:jump":526,"minecraft:walk_on_water_one_cm":25122,"minecraft:total_world_time":45589,"minecraft:fall_one_cm":7197},"minecraft:crafted":{"minecraft:crafting_table":1,"minecraft:spruce_planks":56,"minecraft:wooden_pickaxe":1,"minecraft:furnace":1,"minecraft:air":0,"minecraft:iron_boots":1,"minecraft:iron_chestplate":1,"minecraft:shield":1,"minecraft:stick":12,"minecraft:iron_ingot":21,"minecraft:stone_pickaxe":1,"minecraft:wooden_axe":1,"minecraft:stone_sword":1,"minecraft:iron_leggings":1,"minecraft:torch":12}},"DataVersion":3465}