{"stats":{"minecraft:killed_by":{"minecraft:evoker":2,"undead_revamp2:sucker":1,"illagerinvasion:basher":1,"minecraft:creeper":2,"undead_revamp2:clogger":1,"minecraft:vindicator":2,"minecraft:vex":9},"minecraft:crafted":{"minecraft:oak_planks":8,"minecraft:cobweb":1,"minecraft:furnace":2,"sophisticatedbackpacks:crafting_upgrade":1,"minecraft:cooked_mutton":4,"minecraft:diamond_helmet":1,"minecraft:iron_boots":1,"born_in_chaos_v1:bone_handle":1,"minecraft:stone_pickaxe":1,"quark:spruce_chest":3,"minecraft:cooked_beef":6,"minecraft:diamond_sword":1,"sophisticatedbackpacks:backpack":1,"minecraft:cooked_porkchop":10,"minecraft:crafting_table":2,"minecraft:spruce_planks":60,"minecraft:wooden_pickaxe":1,"minecraft:iron_helmet":1,"minecraft:iron_sword":2,"minecraft:cooked_salmon":12,"sophisticatedbackpacks:upgrade_base":1,"minecraft:air":0,"minecraft:jungle_planks":4,"minecraft:iron_chestplate":1,"minecraft:shield":1,"minecraft:stick":20,"minecraft:iron_ingot":44,"minecraft:wooden_axe":1,"minecraft:stone_sword":1,"minecraft:iron_leggings":2,"minecraft:torch":52,"minecraft:diamond_chestplate":1},"minecraft:custom":{"minecraft:mob_kills":173,"minecraft:interact_with_crafting_table":24,"minecraft:open_barrel":34,"minecraft:damage_dealt_resisted":4860,"minecraft:leave_game":5,"minecraft:time_since_death":29313,"minecraft:climb_one_cm":87190,"minecraft:sprint_one_cm":212419,"minecraft:walk_one_cm":1106649,"minecraft:damage_blocked_by_shield":3480,"minecraft:drop":75,"minecraft:play_time":217291,"minecraft:deaths":20,"minecraft:sneak_time":20899,"minecraft:walk_under_water_one_cm":18014,"minecraft:jump":2204,"minecraft:interact_with_brewingstand":1,"minecraft:interact_with_blast_furnace":1,"minecraft:walk_on_water_one_cm":123868,"minecraft:total_world_time":217291,"minecraft:interact_with_furnace":57,"tombstone:raider_killed":30,"minecraft:sleep_in_bed":2,"minecraft:time_since_rest":28931,"minecraft:damage_taken":10865,"minecraft:damage_absorbed":145,"minecraft:trigger_trapped_chest":4,"minecraft:damage_dealt":34686,"minecraft:fly_one_cm":198439,"minecraft:swim_one_cm":58851,"minecraft:open_chest":72,"minecraft:crouch_one_cm":84905,"tombstone:undead_killed":81,"minecraft:fall_one_cm":20070},"minecraft:mined":{"iceandfire:graveyard_soil":8,"iceandfire:silver_ore":2,"minecraft:jungle_leaves":17,"minecraft:potted_crimson_fungus":1,"placeablesmod:melon_block_1":1,"minecraft:granite":1,"minecraft:grass_block":4,"minecraft:jungle_planks":2,"minecraft:spruce_leaves":3,"minecraft:chiseled_stone_bricks":5,"minecraft:spawner":11,"minecraft:furnace":10,"minecraft:iron_ore":35,"minecraft:fire":4,"minecraft:vine":23,"minecraft:iron_block":2,"luminousworld:groundpebbles_2":2,"minecraft:bamboo":2,"minecraft:stone":69,"minecraft:glass_pane":4,"minecraft:crafting_table":6,"minecraft:torch":3,"minecraft:melon":5,"iceandfire:ghost_chest":1,"minecraft:cobblestone":31,"placeablesmod:bread_full_block":2,"minecraft:wall_torch":1,"supplementaries:urn":4,"minecraft:chain":4,"minecraft:spruce_log":14,"minecraft:stone_brick_stairs":2,"minecraft:yellow_bed":5,"minecraft:grass":32,"minecraft:oak_log":2,"minecraft:coal_ore":37,"minecraft:gravel":20,"minecraft:dirt":26,"minecraft:cobweb":10,"minecraft:polished_andesite":2,"minecraft:stone_bricks":34,"minecraft:oak_leaves":10,"minecraft:gold_ore":22,"minecraft:chipped_anvil":1,"minecraft:fern":4},"minecraft:broken":{"minecraft:stone_sword":1,"minecraft:iron_boots":1,"minecraft:iron_leggings":1,"minecraft:stone_pickaxe":1,"minecraft:shield":1},"minecraft:killed":{"illagerinvasion:archivist":5,"minecraft:vex":2,"minecraft:evoker":2,"born_in_chaos_v1:zombie_lumberjack":1,"born_in_chaos_v1:door_knight_not_despawn":1,"minecraft:vindicator":12,"minecraft:spider":4,"illagerinvasion:marauder":2,"undead_revamp2:thesmoker":2,"born_in_chaos_v1:skeleton_thrasher_not_despawn":1,"undead_revamp2:bomber":1,"enemyexpansion:direwolf":3,"born_in_chaos_v1:baby_skeleton_minion":11,"illagerinvasion:basher":3,"born_in_chaos_v1:maggot":12,"minecraft:skeleton":3,"alexsmobs:leafcutter_ant":2,"minecraft:chicken":1,"illagerinvasion:provoker":6,"born_in_chaos_v1:skeleton_thrasher":1,"born_in_chaos_v1:corpse_fish":1,"born_in_chaos_v1:supreme_bonescaller_stage_2":1,"born_in_chaos_v1:firelight_not_despawn":1,"enemyexpansion:vampflyer":1,"minecraft:pig":5,"born_in_chaos_v1:bone_imp_minion":19,"born_in_chaos_v1:swarmer":1,"minecraft:creeper":1,"born_in_chaos_v1:decrepit_skeleton":7,"minecraft:sheep":2,"enemyexpansion:crawler":1,"minecraft:zombie":14,"iceandfire:ghost":4,"born_in_chaos_v1:dread_hound":1,"born_in_chaos_v1:bonescaller_not_despawn":2,"minecraft:stray":8,"born_in_chaos_v1:corpse_fly":10,"born_in_chaos_v1:dark_vortex":1,"enemyexpansion:huntsman":1,"born_in_chaos_v1:door_knight":1,"minecraft:cow":4,"enemyexpansion:slugger":1},"minecraft:picked_up":{"minecraft:cocoa_beans":2,"luminousworld:groundpebbles_1":3,"minecraft:crafting_table":6,"minecraft:flower_pot":1,"minecraft:chainmail_boots":1,"born_in_chaos_v1:seedof_chaos":2,"minecraft:stone_brick_stairs":2,"minecraft:chain":4,"minecraft:shield":1,"minecraft:string":14,"minecraft:iron_axe":2,"minecraft:iron_shovel":1,"illagerinvasion:platinum_infused_hatchet":1,"minecraft:gold_nugget":6,"minecraft:beef":6,"minecraft:jungle_sapling":1,"minecraft:iron_nugget":18,"minecraft:melon_slice":24,"minecraft:furnace":10,"minecraft:iron_boots":1,"minecraft:tipped_arrow":7,"minecraft:stick":3,"minecraft:raw_iron":35,"iceandfire:ghost_chest":2,"born_in_chaos_v1:shattered_skull":1,"minecraft:copper_ingot":1,"minecraft:torch":8,"minecraft:porkchop":10,"minecraft:cookie":5,"tombstone:grave_dust":4,"born_in_chaos_v1:pieceofdarkmetal":4,"alexsmobs:leafcutter_ant_pupa":1,"iceandfire:silver_ingot":4,"minecraft:rotten_flesh":51,"minecraft:stone_sword":1,"minecraft:arrow":15,"minecraft:beetroot_seeds":2,"minecraft:iron_block":2,"minecraft:gold_ingot":2,"minecraft:totem_of_undying":2,"supplementaries:ash":12,"minecraft:mutton":4,"minecraft:rail":2,"minecraft:white_wool":2,"minecraft:cobblestone":123,"minecraft:birch_log":1,"born_in_chaos_v1:staffof_magic_arrows":1,"born_in_chaos_v1:corpse_maggot":16,"born_in_chaos_v1:monster_flesh":1,"minecraft:jungle_log":1,"minecraft:leather":3,"minecraft:crimson_fungus":1,"minecraft:flint":1,"minecraft:oak_log":2,"minecraft:chainmail_chestplate":1,"minecraft:yellow_bed":5,"minecraft:gunpowder":2,"minecraft:paper":5,"minecraft:dirt":28,"minecraft:bone":46,"minecraft:chipped_anvil":1,"minecraft:stone_bricks":28,"minecraft:bow":2,"minecraft:wheat_seeds":3,"minecraft:raw_gold":22,"minecraft:iron_ingot":3,"minecraft:cobweb":3,"tombstone:bag_of_seeds":4,"minecraft:bamboo":1,"minecraft:iron_sword":1,"minecraft:book":1,"minecraft:chiseled_stone_bricks":5,"born_in_chaos_v1:orbofthe_summoner":1,"born_in_chaos_v1:ethereal_spirit":1,"minecraft:gravel":22,"born_in_chaos_v1:dark_rod":1,"minecraft:jungle_planks":4,"minecraft:spruce_sapling":1,"minecraft:stripped_spruce_log":1,"minecraft:spider_eye":3,"minecraft:spruce_log":14,"minecraft:bundle":3,"minecraft:polished_andesite":2,"born_in_chaos_v1:fire_dust":1,"minecraft:iron_helmet":1,"minecraft:granite":1,"minecraft:bread":4,"minecraft:emerald":17,"tombstone:magic_scroll":2,"iceandfire:raw_silver":2,"minecraft:coal":272},"minecraft:used":{"minecraft:iron_shovel":9,"minecraft:stone_sword":114,"minecraft:spruce_planks":3,"minecraft:shield":58,"minecraft:iron_sword":283,"minecraft:cooked_salmon":12,"minecraft:iron_chestplate":1,"minecraft:torch":68,"minecraft:dirt":20,"minecraft:carrot":13,"minecraft:granite":1,"born_in_chaos_v1:corpse_maggot":16,"minecraft:wooden_axe":31,"quark:spruce_chest":1,"minecraft:iron_axe":12,"minecraft:iron_helmet":1,"minecraft:iron_boots":1,"minecraft:stone_bricks":18,"minecraft:bow":45,"minecraft:furnace":12,"tombstone:gift":7,"minecraft:cooked_beef":6,"minecraft:iron_leggings":1,"minecraft:cooked_mutton":4,"minecraft:stone_pickaxe":131,"minecraft:wooden_pickaxe":21,"minecraft:cookie":5,"minecraft:golden_apple":5,"minecraft:glow_berries":3,"minecraft:crafting_table":7,"tombstone:bag_of_seeds":6,"minecraft:apple":3,"born_in_chaos_v1:monster_flesh":1,"minecraft:bread":30,"minecraft:melon_slice":23,"minecraft:iron_pickaxe":136,"minecraft:gravel":6,"minecraft:chiseled_stone_bricks":2,"minecraft:diamond_sword":566,"minecraft:cobblestone":69,"illagerinvasion:platinum_infused_hatchet":1,"minecraft:cooked_porkchop":9,"minecraft:birch_log":1,"quark:oak_chest":1,"minecraft:yellow_bed":4,"minecraft:chest_minecart":1,"minecraft:cobweb":1},"minecraft:dropped":{"iceandfire:raw_silver":2,"born_in_chaos_v1:shattered_skull":1,"minecraft:wheat_seeds":9,"minecraft:cobblestone":24,"minecraft:book":1,"minecraft:jungle_planks":4,"minecraft:rail":2,"minecraft:polished_andesite":2,"minecraft:dirt":7,"minecraft:cobweb":4,"minecraft:chain":4,"minecraft:jungle_sapling":1,"minecraft:paper":1,"minecraft:white_wool":2,"minecraft:spruce_sapling":1,"minecraft:gravel":16,"minecraft:crimson_fungus":1,"alexsmobs:animal_dictionary":1,"minecraft:cocoa_beans":8,"minecraft:rotten_flesh":55,"minecraft:torchflower_seeds":1,"minecraft:pumpkin_seeds":1,"minecraft:chiseled_stone_bricks":1,"supplementaries:flax_seeds":4,"supplementaries:ash":12,"iceandfire:ghost_chest":1,"minecraft:flower_pot":1,"minecraft:gunpowder":2,"minecraft:beetroot_seeds":4,"luminousworld:groundpebbles_1":3,"minecraft:melon_seeds":4,"minecraft:spider_eye":3,"minecraft:stone_bricks":10,"minecraft:stone_brick_stairs":2}},"DataVersion":3465}