{"stats":{"minecraft:killed_by":{"undead_revamp2:sucker":1,"minecraft:creeper":2,"undead_revamp2:clogger":1,"minecraft:vex":1},"minecraft:crafted":{"minecraft:cooked_beef":6,"sophisticatedbackpacks:backpack":1,"minecraft:cooked_porkchop":2,"minecraft:crafting_table":1,"minecraft:spruce_planks":60,"minecraft:wooden_pickaxe":1,"minecraft:iron_helmet":1,"minecraft:iron_sword":1,"minecraft:furnace":2,"minecraft:air":0,"minecraft:iron_chestplate":1,"minecraft:iron_boots":1,"minecraft:shield":1,"minecraft:stick":12,"minecraft:iron_ingot":21,"minecraft:stone_pickaxe":1,"minecraft:wooden_axe":1,"minecraft:stone_sword":1,"minecraft:iron_leggings":1,"quark:spruce_chest":1,"minecraft:torch":12},"minecraft:custom":{"minecraft:interact_with_furnace":18,"minecraft:mob_kills":44,"tombstone:raider_killed":5,"minecraft:interact_with_crafting_table":17,"minecraft:open_barrel":12,"minecraft:damage_dealt_resisted":1819,"minecraft:leave_game":5,"minecraft:time_since_death":6575,"minecraft:climb_one_cm":6674,"minecraft:time_since_rest":4176,"minecraft:sprint_one_cm":83662,"minecraft:damage_taken":2574,"minecraft:walk_one_cm":360652,"minecraft:damage_blocked_by_shield":1230,"minecraft:drop":2,"minecraft:damage_dealt":7288,"minecraft:swim_one_cm":57637,"minecraft:fly_one_cm":75687,"minecraft:open_chest":7,"minecraft:play_time":97291,"minecraft:crouch_one_cm":31372,"minecraft:sneak_time":6423,"tombstone:undead_killed":10,"minecraft:deaths":6,"minecraft:walk_under_water_one_cm":17126,"minecraft:jump":1098,"minecraft:walk_on_water_one_cm":94600,"minecraft:total_world_time":97291,"minecraft:fall_one_cm":14325},"minecraft:mined":{"minecraft:jungle_leaves":15,"minecraft:crafting_table":6,"minecraft:torch":1,"minecraft:melon":5,"minecraft:cobblestone":9,"minecraft:spruce_leaves":3,"minecraft:wall_torch":1,"minecraft:spawner":3,"minecraft:furnace":5,"minecraft:iron_ore":21,"minecraft:fire":4,"minecraft:spruce_log":14,"minecraft:grass":22,"minecraft:coal_ore":37,"minecraft:vine":1,"minecraft:gravel":4,"minecraft:dirt":1,"minecraft:cobweb":3,"minecraft:bamboo":2,"minecraft:stone_bricks":17,"minecraft:polished_andesite":2,"minecraft:stone":51,"minecraft:fern":1},"minecraft:broken":{"minecraft:stone_sword":1},"minecraft:killed":{"minecraft:pig":5,"born_in_chaos_v1:zombie_lumberjack":1,"born_in_chaos_v1:swarmer":1,"born_in_chaos_v1:door_knight_not_despawn":1,"minecraft:spider":1,"minecraft:vindicator":3,"born_in_chaos_v1:decrepit_skeleton":3,"born_in_chaos_v1:maggot":2,"minecraft:sheep":2,"minecraft:skeleton":2,"born_in_chaos_v1:corpse_fly":10,"born_in_chaos_v1:dark_vortex":1,"illagerinvasion:provoker":2,"born_in_chaos_v1:skeleton_thrasher":1,"born_in_chaos_v1:corpse_fish":1,"born_in_chaos_v1:door_knight":1,"minecraft:cow":4},"minecraft:picked_up":{"minecraft:birch_log":1,"born_in_chaos_v1:corpse_maggot":12,"luminousworld:groundpebbles_1":1,"minecraft:crafting_table":6,"minecraft:jungle_log":1,"minecraft:leather":3,"minecraft:flint":1,"minecraft:shield":1,"minecraft:dirt":1,"minecraft:string":4,"minecraft:bone":8,"minecraft:iron_shovel":1,"minecraft:stone_bricks":11,"minecraft:bow":1,"minecraft:wheat_seeds":2,"minecraft:iron_ingot":3,"minecraft:beef":6,"minecraft:jungle_sapling":1,"minecraft:bamboo":1,"minecraft:melon_slice":23,"minecraft:iron_boots":1,"minecraft:furnace":5,"minecraft:raw_iron":21,"minecraft:stick":3,"born_in_chaos_v1:shattered_skull":1,"minecraft:torch":2,"born_in_chaos_v1:ethereal_spirit":1,"minecraft:gravel":6,"minecraft:porkchop":10,"born_in_chaos_v1:dark_rod":1,"minecraft:stripped_spruce_log":1,"minecraft:spruce_sapling":1,"tombstone:grave_dust":2,"minecraft:spruce_log":14,"minecraft:polished_andesite":2,"minecraft:stone_sword":1,"minecraft:arrow":2,"minecraft:rotten_flesh":12,"minecraft:emerald":1,"minecraft:mutton":4,"minecraft:coal":160,"minecraft:white_wool":2,"minecraft:cobblestone":60},"minecraft:used":{"minecraft:stone_sword":114,"minecraft:stone_pickaxe":130,"minecraft:wooden_pickaxe":21,"minecraft:shield":21,"minecraft:iron_sword":141,"minecraft:iron_chestplate":1,"minecraft:torch":3,"minecraft:crafting_table":6,"minecraft:carrot":6,"born_in_chaos_v1:corpse_maggot":12,"minecraft:wooden_axe":29,"minecraft:apple":3,"minecraft:melon_slice":9,"minecraft:iron_helmet":1,"minecraft:iron_boots":1,"minecraft:gravel":6,"minecraft:cobblestone":14,"minecraft:furnace":5,"minecraft:cooked_porkchop":2,"tombstone:gift":2,"minecraft:cooked_beef":6,"minecraft:iron_leggings":1},"minecraft:dropped":{"minecraft:wheat_seeds":2}},"DataVersion":3465}