{"stats":{"minecraft:killed_by":{"undead_revamp2:sucker":1,"minecraft:creeper":2,"undead_revamp2:clogger":1,"minecraft:vindicator":2,"minecraft:vex":3},"minecraft:crafted":{"minecraft:furnace":2,"sophisticatedbackpacks:crafting_upgrade":1,"minecraft:cooked_mutton":4,"minecraft:iron_boots":1,"minecraft:stone_pickaxe":1,"quark:spruce_chest":2,"minecraft:cooked_beef":6,"minecraft:diamond_sword":1,"sophisticatedbackpacks:backpack":1,"minecraft:cooked_porkchop":10,"minecraft:crafting_table":2,"minecraft:spruce_planks":60,"minecraft:wooden_pickaxe":1,"minecraft:iron_helmet":1,"minecraft:iron_sword":2,"minecraft:cooked_salmon":12,"sophisticatedbackpacks:upgrade_base":1,"minecraft:air":0,"minecraft:jungle_planks":4,"minecraft:iron_chestplate":1,"minecraft:shield":1,"minecraft:stick":20,"minecraft:iron_ingot":44,"minecraft:wooden_axe":1,"minecraft:stone_sword":1,"minecraft:iron_leggings":1,"minecraft:torch":52},"minecraft:custom":{"minecraft:mob_kills":74,"minecraft:interact_with_crafting_table":23,"minecraft:open_barrel":28,"minecraft:damage_dealt_resisted":1819,"minecraft:leave_game":5,"minecraft:time_since_death":2462,"minecraft:climb_one_cm":56138,"minecraft:sprint_one_cm":168464,"minecraft:walk_one_cm":738061,"minecraft:damage_blocked_by_shield":2715,"minecraft:drop":28,"minecraft:play_time":151291,"minecraft:deaths":11,"minecraft:sneak_time":12461,"minecraft:walk_under_water_one_cm":17196,"minecraft:jump":1559,"minecraft:interact_with_brewingstand":1,"minecraft:interact_with_blast_furnace":1,"minecraft:walk_on_water_one_cm":115915,"minecraft:total_world_time":151291,"minecraft:interact_with_furnace":51,"tombstone:raider_killed":20,"minecraft:sleep_in_bed":1,"minecraft:time_since_rest":2012,"minecraft:damage_taken":5986,"minecraft:damage_dealt":15605,"minecraft:fly_one_cm":141322,"minecraft:swim_one_cm":58851,"minecraft:open_chest":29,"minecraft:crouch_one_cm":55293,"tombstone:undead_killed":18,"minecraft:fall_one_cm":15470},"minecraft:mined":{"iceandfire:silver_ore":2,"minecraft:jungle_leaves":15,"placeablesmod:melon_block_1":1,"minecraft:granite":1,"minecraft:jungle_planks":2,"minecraft:spruce_leaves":3,"minecraft:spawner":3,"minecraft:furnace":9,"minecraft:iron_ore":35,"minecraft:fire":4,"minecraft:vine":19,"minecraft:bamboo":2,"minecraft:stone":60,"minecraft:crafting_table":6,"minecraft:torch":3,"minecraft:melon":5,"minecraft:cobblestone":31,"minecraft:wall_torch":1,"supplementaries:urn":4,"minecraft:spruce_log":14,"minecraft:yellow_bed":1,"minecraft:grass":22,"minecraft:coal_ore":37,"minecraft:gravel":20,"minecraft:dirt":1,"minecraft:cobweb":4,"minecraft:polished_andesite":2,"minecraft:stone_bricks":18,"minecraft:gold_ore":22,"minecraft:chipped_anvil":1,"minecraft:fern":1},"minecraft:broken":{"minecraft:stone_sword":1,"minecraft:stone_pickaxe":1,"minecraft:shield":1},"minecraft:killed":{"illagerinvasion:archivist":3,"minecraft:evoker":1,"born_in_chaos_v1:zombie_lumberjack":1,"born_in_chaos_v1:door_knight_not_despawn":1,"minecraft:vindicator":7,"minecraft:spider":1,"illagerinvasion:marauder":2,"enemyexpansion:direwolf":2,"illagerinvasion:basher":1,"born_in_chaos_v1:maggot":4,"minecraft:skeleton":2,"illagerinvasion:provoker":6,"born_in_chaos_v1:skeleton_thrasher":1,"born_in_chaos_v1:corpse_fish":1,"enemyexpansion:vampflyer":1,"minecraft:pig":5,"born_in_chaos_v1:swarmer":1,"minecraft:creeper":1,"born_in_chaos_v1:decrepit_skeleton":4,"minecraft:sheep":2,"enemyexpansion:crawler":1,"minecraft:zombie":4,"born_in_chaos_v1:corpse_fly":10,"born_in_chaos_v1:dark_vortex":1,"enemyexpansion:huntsman":1,"born_in_chaos_v1:door_knight":1,"minecraft:cow":4,"enemyexpansion:slugger":1},"minecraft:picked_up":{"luminousworld:groundpebbles_1":1,"minecraft:crafting_table":6,"minecraft:shield":1,"minecraft:string":5,"minecraft:iron_axe":1,"minecraft:iron_shovel":1,"illagerinvasion:platinum_infused_hatchet":1,"minecraft:beef":6,"minecraft:jungle_sapling":1,"minecraft:iron_nugget":7,"minecraft:melon_slice":24,"minecraft:furnace":9,"minecraft:iron_boots":1,"minecraft:stick":3,"minecraft:raw_iron":35,"born_in_chaos_v1:shattered_skull":1,"minecraft:torch":7,"minecraft:porkchop":10,"minecraft:cookie":5,"tombstone:grave_dust":2,"minecraft:rotten_flesh":19,"minecraft:stone_sword":1,"minecraft:arrow":8,"minecraft:totem_of_undying":1,"supplementaries:ash":12,"minecraft:mutton":4,"minecraft:rail":2,"minecraft:white_wool":2,"minecraft:cobblestone":114,"minecraft:birch_log":1,"born_in_chaos_v1:corpse_maggot":14,"minecraft:jungle_log":1,"minecraft:leather":3,"minecraft:flint":1,"minecraft:yellow_bed":1,"minecraft:gunpowder":2,"minecraft:paper":3,"minecraft:dirt":1,"minecraft:bone":14,"minecraft:chipped_anvil":1,"minecraft:stone_bricks":12,"minecraft:bow":1,"minecraft:wheat_seeds":2,"minecraft:raw_gold":22,"minecraft:iron_ingot":3,"tombstone:bag_of_seeds":1,"minecraft:bamboo":1,"born_in_chaos_v1:ethereal_spirit":1,"minecraft:gravel":22,"born_in_chaos_v1:dark_rod":1,"minecraft:jungle_planks":4,"minecraft:spruce_sapling":1,"minecraft:stripped_spruce_log":1,"minecraft:spruce_log":14,"minecraft:polished_andesite":2,"minecraft:granite":1,"minecraft:emerald":10,"iceandfire:raw_silver":2,"minecraft:coal":272},"minecraft:used":{"minecraft:stone_sword":114,"minecraft:spruce_planks":1,"minecraft:shield":46,"minecraft:iron_sword":253,"minecraft:cooked_salmon":12,"minecraft:iron_chestplate":1,"minecraft:torch":55,"minecraft:carrot":6,"minecraft:granite":1,"born_in_chaos_v1:corpse_maggot":14,"minecraft:wooden_axe":31,"minecraft:iron_axe":6,"minecraft:iron_helmet":1,"minecraft:iron_boots":1,"minecraft:stone_bricks":12,"minecraft:bow":22,"minecraft:furnace":11,"tombstone:gift":5,"minecraft:cooked_beef":6,"minecraft:iron_leggings":1,"minecraft:cooked_mutton":4,"minecraft:stone_pickaxe":131,"minecraft:wooden_pickaxe":21,"minecraft:glow_berries":3,"minecraft:crafting_table":7,"tombstone:bag_of_seeds":1,"minecraft:apple":3,"minecraft:melon_slice":23,"minecraft:iron_pickaxe":79,"minecraft:gravel":6,"minecraft:diamond_sword":93,"minecraft:cobblestone":66,"minecraft:cooked_porkchop":9,"minecraft:birch_log":1,"minecraft:yellow_bed":1,"minecraft:chest_minecart":1},"minecraft:dropped":{"iceandfire:raw_silver":1,"born_in_chaos_v1:shattered_skull":1,"minecraft:wheat_seeds":4,"minecraft:cobblestone":24,"minecraft:jungle_planks":4,"minecraft:rail":2,"minecraft:polished_andesite":2,"minecraft:jungle_sapling":1,"minecraft:spruce_sapling":1,"minecraft:gravel":16,"minecraft:cocoa_beans":2,"minecraft:rotten_flesh":19,"supplementaries:ash":12,"minecraft:gunpowder":2,"luminousworld:groundpebbles_1":1,"minecraft:melon_seeds":1}},"DataVersion":3465}