{"stats":{"minecraft:mined":{"minecraft:jungle_leaves":1,"minecraft:crafting_table":6,"minecraft:torch":1,"minecraft:melon":1,"minecraft:cobblestone":8,"minecraft:spruce_leaves":3,"minecraft:wall_torch":1,"minecraft:spawner":3,"minecraft:furnace":5,"minecraft:iron_ore":21,"minecraft:fire":4,"minecraft:spruce_log":14,"minecraft:grass":4,"minecraft:coal_ore":37,"minecraft:gravel":4,"minecraft:dirt":1,"minecraft:cobweb":3,"minecraft:stone":51},"minecraft:picked_up":{"luminousworld:groundpebbles_1":1,"born_in_chaos_v1:corpse_maggot":12,"minecraft:crafting_table":6,"minecraft:leather":3,"minecraft:flint":1,"minecraft:string":4,"minecraft:dirt":1,"minecraft:bone":4,"minecraft:bow":1,"minecraft:iron_ingot":2,"minecraft:beef":6,"minecraft:melon_slice":3,"minecraft:iron_boots":1,"minecraft:furnace":5,"minecraft:raw_iron":21,"minecraft:torch":2,"minecraft:gravel":6,"minecraft:porkchop":2,"minecraft:stripped_spruce_log":1,"minecraft:spruce_sapling":1,"tombstone:grave_dust":2,"minecraft:spruce_log":14,"minecraft:stone_sword":1,"minecraft:arrow":2,"minecraft:rotten_flesh":10,"minecraft:coal":160,"minecraft:cobblestone":59},"minecraft:crafted":{"minecraft:cooked_beef":6,"sophisticatedbackpacks:backpack":1,"minecraft:cooked_porkchop":2,"minecraft:crafting_table":1,"minecraft:spruce_planks":60,"minecraft:wooden_pickaxe":1,"minecraft:iron_helmet":1,"minecraft:iron_sword":1,"minecraft:furnace":2,"minecraft:air":0,"minecraft:iron_boots":1,"minecraft:iron_chestplate":1,"minecraft:shield":1,"minecraft:stick":12,"minecraft:iron_ingot":21,"minecraft:stone_pickaxe":1,"minecraft:wooden_axe":1,"minecraft:stone_sword":1,"minecraft:iron_leggings":1,"quark:spruce_chest":1,"minecraft:torch":12},"minecraft:killed":{"minecraft:pig":1,"born_in_chaos_v1:swarmer":1,"born_in_chaos_v1:door_knight_not_despawn":1,"minecraft:spider":1,"born_in_chaos_v1:maggot":2,"born_in_chaos_v1:decrepit_skeleton":2,"minecraft:skeleton":1,"born_in_chaos_v1:corpse_fly":10,"born_in_chaos_v1:corpse_fish":1,"born_in_chaos_v1:door_knight":1,"minecraft:cow":4},"minecraft:broken":{"minecraft:stone_sword":1},"minecraft:killed_by":{"undead_revamp2:sucker":1},"minecraft:used":{"minecraft:stone_sword":114,"minecraft:stone_pickaxe":110,"minecraft:shield":6,"minecraft:wooden_pickaxe":21,"minecraft:iron_sword":54,"minecraft:iron_chestplate":1,"minecraft:torch":3,"minecraft:crafting_table":6,"minecraft:carrot":6,"born_in_chaos_v1:corpse_maggot":3,"minecraft:wooden_axe":29,"minecraft:melon_slice":3,"minecraft:iron_helmet":1,"minecraft:iron_boots":1,"minecraft:gravel":6,"minecraft:cobblestone":14,"minecraft:furnace":5,"tombstone:gift":1,"minecraft:cooked_beef":2,"minecraft:iron_leggings":1},"minecraft:custom":{"minecraft:interact_with_furnace":18,"minecraft:mob_kills":26,"minecraft:interact_with_crafting_table":17,"minecraft:open_barrel":12,"minecraft:damage_dealt_resisted":1819,"minecraft:leave_game":2,"minecraft:time_since_death":18398,"minecraft:climb_one_cm":1551,"minecraft:time_since_rest":16239,"minecraft:sprint_one_cm":17407,"minecraft:damage_taken":580,"minecraft:walk_one_cm":229032,"minecraft:damage_blocked_by_shield":255,"minecraft:damage_dealt":4013,"minecraft:swim_one_cm":16592,"minecraft:fly_one_cm":19035,"minecraft:open_chest":5,"minecraft:crouch_one_cm":22649,"minecraft:play_time":54978,"tombstone:undead_killed":6,"minecraft:deaths":2,"minecraft:sneak_time":4271,"minecraft:walk_under_water_one_cm":2958,"minecraft:jump":616,"minecraft:walk_on_water_one_cm":25122,"minecraft:total_world_time":54978,"minecraft:fall_one_cm":7406}},"DataVersion":3465}