{"stats":{"minecraft:killed_by":{"undead_revamp2:sucker":1,"minecraft:creeper":2,"undead_revamp2:clogger":1,"minecraft:vex":1},"minecraft:crafted":{"minecraft:cooked_beef":6,"sophisticatedbackpacks:backpack":1,"minecraft:cooked_porkchop":10,"minecraft:crafting_table":1,"minecraft:spruce_planks":60,"minecraft:wooden_pickaxe":1,"minecraft:iron_helmet":1,"minecraft:iron_sword":1,"minecraft:furnace":2,"minecraft:cooked_mutton":4,"minecraft:air":0,"minecraft:iron_chestplate":1,"minecraft:iron_boots":1,"minecraft:shield":1,"minecraft:stick":12,"minecraft:iron_ingot":21,"minecraft:stone_pickaxe":1,"minecraft:wooden_axe":1,"minecraft:stone_sword":1,"minecraft:iron_leggings":1,"quark:spruce_chest":1,"minecraft:torch":24},"minecraft:custom":{"minecraft:interact_with_furnace":28,"minecraft:mob_kills":55,"tombstone:raider_killed":5,"minecraft:interact_with_crafting_table":17,"minecraft:open_barrel":19,"minecraft:damage_dealt_resisted":1819,"minecraft:leave_game":5,"minecraft:time_since_death":24575,"minecraft:climb_one_cm":22073,"minecraft:time_since_rest":22176,"minecraft:sprint_one_cm":111128,"minecraft:damage_taken":2867,"minecraft:walk_one_cm":448880,"minecraft:damage_blocked_by_shield":1725,"minecraft:drop":18,"minecraft:damage_dealt":9369,"minecraft:swim_one_cm":58851,"minecraft:fly_one_cm":98462,"minecraft:open_chest":8,"minecraft:play_time":115291,"minecraft:crouch_one_cm":36419,"minecraft:sneak_time":8392,"tombstone:undead_killed":17,"minecraft:deaths":6,"minecraft:walk_under_water_one_cm":17196,"minecraft:jump":1309,"minecraft:interact_with_blast_furnace":1,"minecraft:walk_on_water_one_cm":115637,"minecraft:total_world_time":115291,"minecraft:fall_one_cm":14952},"minecraft:mined":{"minecraft:jungle_leaves":15,"placeablesmod:melon_block_1":1,"minecraft:crafting_table":6,"minecraft:torch":1,"minecraft:melon":5,"minecraft:jungle_planks":2,"minecraft:cobblestone":10,"minecraft:spruce_leaves":3,"minecraft:wall_torch":1,"minecraft:spawner":3,"supplementaries:urn":2,"minecraft:furnace":7,"minecraft:iron_ore":21,"minecraft:fire":4,"minecraft:spruce_log":14,"minecraft:grass":22,"minecraft:coal_ore":37,"minecraft:vine":13,"minecraft:gravel":4,"minecraft:dirt":1,"minecraft:cobweb":3,"minecraft:bamboo":2,"minecraft:stone_bricks":18,"minecraft:polished_andesite":2,"minecraft:stone":51,"minecraft:fern":1},"minecraft:killed":{"minecraft:pig":5,"born_in_chaos_v1:zombie_lumberjack":1,"born_in_chaos_v1:swarmer":1,"born_in_chaos_v1:door_knight_not_despawn":1,"minecraft:spider":1,"minecraft:vindicator":3,"enemyexpansion:direwolf":1,"born_in_chaos_v1:decrepit_skeleton":4,"born_in_chaos_v1:maggot":4,"minecraft:sheep":2,"minecraft:skeleton":2,"minecraft:zombie":4,"born_in_chaos_v1:corpse_fly":10,"enemyexpansion:huntsman":1,"born_in_chaos_v1:dark_vortex":1,"illagerinvasion:provoker":2,"born_in_chaos_v1:skeleton_thrasher":1,"born_in_chaos_v1:corpse_fish":1,"born_in_chaos_v1:door_knight":1,"enemyexpansion:slugger":1,"minecraft:cow":4},"minecraft:broken":{"minecraft:stone_pickaxe":1,"minecraft:stone_sword":1},"minecraft:picked_up":{"minecraft:birch_log":1,"born_in_chaos_v1:corpse_maggot":14,"luminousworld:groundpebbles_1":1,"minecraft:crafting_table":6,"minecraft:jungle_log":1,"minecraft:leather":3,"minecraft:flint":1,"minecraft:shield":1,"minecraft:dirt":1,"minecraft:string":4,"minecraft:bone":10,"minecraft:iron_shovel":1,"minecraft:stone_bricks":12,"minecraft:bow":1,"minecraft:wheat_seeds":2,"minecraft:iron_ingot":3,"minecraft:beef":6,"tombstone:bag_of_seeds":1,"minecraft:jungle_sapling":1,"minecraft:bamboo":1,"minecraft:melon_slice":24,"minecraft:iron_boots":1,"minecraft:furnace":7,"minecraft:raw_iron":21,"minecraft:stick":3,"born_in_chaos_v1:shattered_skull":1,"minecraft:torch":7,"born_in_chaos_v1:ethereal_spirit":1,"minecraft:jungle_planks":2,"minecraft:gravel":8,"minecraft:porkchop":10,"born_in_chaos_v1:dark_rod":1,"minecraft:stripped_spruce_log":1,"minecraft:spruce_sapling":1,"tombstone:grave_dust":2,"minecraft:spruce_log":14,"minecraft:polished_andesite":2,"minecraft:stone_sword":1,"minecraft:arrow":2,"minecraft:rotten_flesh":19,"minecraft:emerald":1,"supplementaries:ash":6,"minecraft:mutton":4,"minecraft:coal":191,"minecraft:white_wool":2,"minecraft:cobblestone":85},"minecraft:used":{"minecraft:cooked_mutton":1,"minecraft:stone_sword":114,"minecraft:stone_pickaxe":131,"minecraft:wooden_pickaxe":21,"minecraft:shield":30,"minecraft:iron_sword":206,"minecraft:iron_chestplate":1,"minecraft:torch":21,"minecraft:crafting_table":6,"minecraft:carrot":6,"tombstone:bag_of_seeds":1,"born_in_chaos_v1:corpse_maggot":14,"minecraft:wooden_axe":31,"minecraft:apple":3,"minecraft:iron_pickaxe":5,"minecraft:melon_slice":23,"minecraft:iron_helmet":1,"minecraft:iron_boots":1,"minecraft:stone_bricks":12,"minecraft:gravel":6,"minecraft:cobblestone":16,"minecraft:furnace":9,"minecraft:cooked_porkchop":3,"minecraft:birch_log":1,"tombstone:gift":2,"minecraft:cooked_beef":6,"minecraft:iron_leggings":1},"minecraft:dropped":{"minecraft:gravel":2,"born_in_chaos_v1:shattered_skull":1,"minecraft:wheat_seeds":4,"minecraft:cocoa_beans":2,"minecraft:rotten_flesh":19,"minecraft:cobblestone":24,"minecraft:polished_andesite":2,"supplementaries:ash":6,"luminousworld:groundpebbles_1":1,"minecraft:melon_seeds":1,"minecraft:jungle_sapling":1}},"DataVersion":3465}