{"stats":{"minecraft:used":{"minecraft:wooden_axe":4,"minecraft:stone_pickaxe":70,"minecraft:wooden_pickaxe":4,"minecraft:gravel":3,"minecraft:iron_chestplate":1,"minecraft:torch":3,"minecraft:crafting_table":3,"minecraft:furnace":2,"tombstone:gift":1},"minecraft:mined":{"minecraft:furnace":2,"minecraft:iron_ore":8,"minecraft:spruce_log":6,"minecraft:crafting_table":3,"minecraft:torch":1,"minecraft:coal_ore":37,"minecraft:gravel":4,"minecraft:stone":26,"minecraft:wall_torch":1},"minecraft:picked_up":{"minecraft:crafting_table":3,"minecraft:raw_iron":8,"minecraft:torch":2,"minecraft:gravel":3,"minecraft:flint":1,"minecraft:spruce_log":6,"minecraft:coal":102,"minecraft:cobblestone":26,"minecraft:furnace":2},"minecraft:custom":{"minecraft:time_since_rest":14689,"minecraft:interact_with_furnace":6,"minecraft:damage_taken":50,"minecraft:walk_one_cm":75289,"minecraft:interact_with_crafting_table":8,"minecraft:fly_one_cm":2184,"minecraft:crouch_one_cm":3088,"minecraft:play_time":20267,"minecraft:deaths":1,"minecraft:sneak_time":1013,"minecraft:jump":150,"minecraft:time_since_death":15354,"minecraft:total_world_time":20267,"minecraft:fall_one_cm":1430},"minecraft:crafted":{"minecraft:iron_chestplate":1,"minecraft:crafting_table":1,"minecraft:spruce_planks":20,"minecraft:stick":12,"minecraft:wooden_pickaxe":1,"minecraft:iron_ingot":8,"minecraft:stone_pickaxe":1,"minecraft:wooden_axe":1,"minecraft:stone_sword":1,"minecraft:furnace":1,"minecraft:torch":12,"minecraft:air":0}},"DataVersion":3465}