{"stats":{"minecraft:used":{"minecraft:wooden_axe":14,"minecraft:stone_sword":11,"minecraft:stone_pickaxe":101,"minecraft:wooden_pickaxe":20,"minecraft:iron_boots":1,"minecraft:gravel":3,"minecraft:iron_chestplate":1,"minecraft:torch":3,"minecraft:cobblestone":11,"minecraft:crafting_table":5,"minecraft:furnace":3,"tombstone:gift":1,"minecraft:iron_leggings":1},"minecraft:mined":{"minecraft:furnace":3,"minecraft:iron_ore":21,"minecraft:spruce_log":14,"minecraft:crafting_table":5,"minecraft:torch":1,"minecraft:coal_ore":37,"minecraft:gravel":4,"minecraft:dirt":1,"minecraft:cobblestone":5,"minecraft:spruce_leaves":3,"minecraft:stone":51,"minecraft:wall_torch":1},"minecraft:killed_by":{"undead_revamp2:sucker":1},"minecraft:picked_up":{"minecraft:crafting_table":5,"minecraft:raw_iron":21,"minecraft:torch":2,"minecraft:gravel":3,"minecraft:flint":1,"minecraft:spruce_sapling":1,"minecraft:spruce_log":14,"minecraft:dirt":1,"minecraft:coal":132,"minecraft:cobblestone":56,"minecraft:furnace":3},"minecraft:custom":{"minecraft:time_since_rest":1,"minecraft:sprint_one_cm":4763,"minecraft:interact_with_furnace":10,"minecraft:damage_taken":274,"minecraft:walk_one_cm":130039,"minecraft:damage_dealt":136,"minecraft:interact_with_crafting_table":11,"minecraft:fly_one_cm":3901,"minecraft:crouch_one_cm":7443,"minecraft:play_time":38267,"minecraft:deaths":2,"minecraft:sneak_time":2480,"minecraft:jump":331,"minecraft:time_since_death":1687,"minecraft:total_world_time":38267,"minecraft:fall_one_cm":4522},"minecraft:crafted":{"minecraft:iron_boots":1,"minecraft:iron_chestplate":1,"minecraft:shield":1,"minecraft:crafting_table":1,"minecraft:spruce_planks":56,"minecraft:stick":12,"minecraft:wooden_pickaxe":1,"minecraft:iron_ingot":21,"minecraft:stone_pickaxe":1,"minecraft:wooden_axe":1,"minecraft:stone_sword":1,"minecraft:iron_leggings":1,"minecraft:furnace":1,"minecraft:torch":12,"minecraft:air":0}},"DataVersion":3465}