{"stats":{"minecraft:killed":{"minecraft:sheep":7,"minecraft:pig":3,"minecraft:drowned":1,"born_in_chaos_v1:corpse_fish":2,"born_in_chaos_v1:maggot":2},"minecraft:used":{"minecraft:cooked_mutton":6,"minecraft:wooden_axe":20,"minecraft:stone_sword":40,"minecraft:stone_pickaxe":164,"minecraft:wooden_pickaxe":4,"minecraft:cobblestone_slab":1,"minecraft:stone_axe":1,"minecraft:iron_chestplate":1,"minecraft:torch":10,"minecraft:cobblestone":36,"minecraft:crafting_table":7,"minecraft:furnace":3,"alexsmobs:animal_dictionary":2,"minecraft:iron_leggings":1},"minecraft:mined":{"minecraft:furnace":2,"minecraft:birch_log":7,"minecraft:iron_ore":19,"minecraft:spruce_log":7,"minecraft:crafting_table":7,"minecraft:coal_ore":39,"minecraft:dirt":1,"minecraft:cobblestone":3,"minecraft:spruce_leaves":1,"minecraft:stone":98},"minecraft:picked_up":{"minecraft:birch_log":7,"minecraft:crafting_table":7,"minecraft:raw_iron":19,"minecraft:porkchop":6,"minecraft:spruce_log":7,"minecraft:dirt":1,"minecraft:bone_meal":1,"born_in_chaos_v1:rotten_fish":1,"minecraft:mutton":10,"minecraft:coal":55,"minecraft:white_wool":7,"minecraft:cobblestone":101,"minecraft:furnace":2},"minecraft:broken":{"minecraft:stone_pickaxe":1},"minecraft:custom":{"minecraft:time_since_rest":32216,"minecraft:interact_with_furnace":31,"minecraft:sprint_one_cm":28685,"minecraft:damage_taken":371,"minecraft:walk_one_cm":88339,"minecraft:mob_kills":15,"minecraft:damage_dealt":1533,"minecraft:swim_one_cm":10200,"minecraft:interact_with_crafting_table":19,"minecraft:fly_one_cm":17847,"minecraft:crouch_one_cm":355,"minecraft:play_time":32216,"tombstone:undead_killed":1,"minecraft:sneak_time":440,"minecraft:walk_under_water_one_cm":2673,"minecraft:damage_dealt_resisted":30,"minecraft:jump":249,"minecraft:walk_on_water_one_cm":3084,"minecraft:time_since_death":32216,"minecraft:total_world_time":32216,"minecraft:fall_one_cm":4157},"minecraft:crafted":{"minecraft:cobblestone_slab":6,"minecraft:iron_chestplate":1,"minecraft:cooked_porkchop":6,"minecraft:shield":1,"minecraft:crafting_table":1,"minecraft:spruce_planks":28,"minecraft:stick":64,"minecraft:wooden_pickaxe":1,"minecraft:iron_ingot":19,"minecraft:stone_pickaxe":2,"minecraft:wooden_axe":1,"minecraft:stone_sword":2,"minecraft:iron_leggings":1,"minecraft:furnace":2,"minecraft:torch":64,"minecraft:birch_planks":28,"minecraft:stone_axe":1,"minecraft:cooked_mutton":10,"minecraft:air":0}},"DataVersion":3465}