{"stats":{"minecraft:used":{"minecraft:iron_chestplate":1,"minecraft:wooden_axe":9,"minecraft:cobblestone":19,"minecraft:crafting_table":4,"minecraft:furnace":2,"minecraft:stone_pickaxe":98,"minecraft:wooden_pickaxe":4},"minecraft:mined":{"minecraft:coal_ore":6,"minecraft:furnace":1,"minecraft:iron_ore":19,"minecraft:cobblestone":3,"minecraft:spruce_leaves":1,"minecraft:spruce_log":7,"minecraft:stone":66,"minecraft:crafting_table":4},"minecraft:picked_up":{"minecraft:raw_iron":19,"minecraft:crafting_table":4,"minecraft:spruce_log":7,"minecraft:coal":6,"minecraft:furnace":1,"minecraft:cobblestone":69},"minecraft:custom":{"minecraft:time_since_rest":14216,"minecraft:crouch_one_cm":118,"minecraft:interact_with_furnace":14,"minecraft:play_time":14216,"minecraft:sprint_one_cm":7068,"minecraft:walk_one_cm":42219,"minecraft:sneak_time":89,"minecraft:jump":139,"minecraft:time_since_death":14216,"minecraft:total_world_time":14216,"minecraft:fall_one_cm":1165,"minecraft:interact_with_crafting_table":7,"minecraft:fly_one_cm":8458},"minecraft:crafted":{"minecraft:stone_sword":2,"minecraft:furnace":1,"minecraft:iron_chestplate":1,"minecraft:shield":1,"minecraft:crafting_table":1,"minecraft:spruce_planks":28,"minecraft:stick":8,"minecraft:iron_ingot":10,"minecraft:wooden_pickaxe":1,"minecraft:stone_pickaxe":1,"minecraft:wooden_axe":1}},"DataVersion":3465}