{"stats":{"minecraft:mined":{"iceandfire:silver_ore":2,"minecraft:dark_oak_log":7,"minecraft:crafting_table":10,"minecraft:cobblestone":7,"minecraft:spruce_leaves":1,"minecraft:wall_torch":1,"minecraft:furnace":2,"minecraft:birch_log":7,"minecraft:iron_ore":19,"minecraft:spruce_log":7,"minecraft:coal_ore":41,"minecraft:cobblestone_slab":2,"minecraft:dirt":1,"minecraft:bamboo":2,"minecraft:stone":123},"minecraft:crafted":{"minecraft:cobblestone_slab":6,"minecraft:cooked_porkchop":6,"minecraft:dark_oak_boat":2,"minecraft:crafting_table":1,"minecraft:spruce_planks":28,"minecraft:wooden_pickaxe":1,"minecraft:furnace":2,"minecraft:birch_planks":28,"minecraft:stone_axe":1,"minecraft:cooked_mutton":10,"minecraft:air":0,"minecraft:iron_chestplate":1,"minecraft:shield":1,"minecraft:stick":64,"minecraft:iron_ingot":19,"minecraft:stone_pickaxe":2,"minecraft:wooden_axe":1,"minecraft:stone_sword":2,"minecraft:iron_leggings":1,"minecraft:dark_oak_planks":28,"minecraft:torch":64},"minecraft:picked_up":{"minecraft:birch_log":7,"minecraft:crafting_table":10,"minecraft:dirt":9,"minecraft:cobblestone_slab":2,"minecraft:bamboo":20,"minecraft:furnace":2,"minecraft:raw_iron":19,"minecraft:torch":1,"minecraft:porkchop":6,"minecraft:spruce_log":7,"minecraft:dark_oak_log":7,"minecraft:rotten_flesh":1,"minecraft:bone_meal":1,"born_in_chaos_v1:rotten_fish":1,"minecraft:mutton":10,"minecraft:white_wool":7,"minecraft:coal":57,"iceandfire:raw_silver":2,"minecraft:cobblestone":126},"minecraft:killed":{"minecraft:pig":3,"born_in_chaos_v1:maggot":2,"minecraft:sheep":7,"born_in_chaos_v1:corpse_fish":2,"minecraft:drowned":1,"undead_revamp2:thespitter":1},"minecraft:broken":{"minecraft:stone_pickaxe":1},"minecraft:used":{"minecraft:cooked_mutton":7,"minecraft:stone_sword":45,"minecraft:stone_pickaxe":199,"minecraft:wooden_pickaxe":4,"minecraft:cobblestone_slab":4,"minecraft:iron_chestplate":1,"minecraft:torch":24,"minecraft:crafting_table":10,"minecraft:wooden_axe":21,"minecraft:stone_axe":10,"minecraft:cobblestone":37,"minecraft:dark_oak_boat":2,"minecraft:furnace":3,"alexsmobs:animal_dictionary":2,"minecraft:iron_leggings":1},"minecraft:custom":{"minecraft:interact_with_furnace":31,"minecraft:mob_kills":16,"minecraft:interact_with_crafting_table":22,"minecraft:damage_dealt_resisted":30,"minecraft:leave_game":1,"minecraft:time_since_death":44863,"minecraft:time_since_rest":44863,"minecraft:sprint_one_cm":35486,"minecraft:damage_taken":501,"minecraft:walk_one_cm":134397,"minecraft:damage_dealt":1608,"minecraft:swim_one_cm":19625,"minecraft:fly_one_cm":26244,"minecraft:crouch_one_cm":786,"minecraft:play_time":44863,"tombstone:undead_killed":2,"minecraft:sneak_time":1317,"minecraft:walk_under_water_one_cm":3193,"minecraft:boat_one_cm":93960,"minecraft:jump":382,"minecraft:walk_on_water_one_cm":6078,"minecraft:total_world_time":44863,"minecraft:fall_one_cm":4635}},"DataVersion":3465}