{"stats":{"minecraft:used":{"minecraft:wooden_axe":6,"minecraft:crafting_table":1,"minecraft:wooden_pickaxe":4},"minecraft:mined":{"minecraft:spruce_leaves":1,"minecraft:spruce_log":7,"minecraft:stone":3,"minecraft:crafting_table":1},"minecraft:picked_up":{"minecraft:crafting_table":1,"minecraft:spruce_log":7,"minecraft:cobblestone":3},"minecraft:custom":{"minecraft:time_since_rest":2216,"minecraft:play_time":2216,"minecraft:sprint_one_cm":2321,"minecraft:walk_one_cm":3840,"minecraft:jump":14,"minecraft:time_since_death":2216,"minecraft:total_world_time":2216,"minecraft:fall_one_cm":418,"minecraft:interact_with_crafting_table":1,"minecraft:fly_one_cm":2351},"minecraft:crafted":{"minecraft:crafting_table":1,"minecraft:spruce_planks":12,"minecraft:stick":4,"minecraft:wooden_pickaxe":1,"minecraft:wooden_axe":1}},"DataVersion":3465}