{"stats":{"minecraft:mined":{"iceandfire:silver_ore":2,"minecraft:stone_brick_slab":2,"minecraft:dark_oak_log":7,"minecraft:crafting_table":10,"minecraft:cobblestone":7,"minecraft:spruce_leaves":1,"minecraft:wall_torch":2,"minecraft:furnace":2,"minecraft:birch_log":7,"minecraft:iron_ore":19,"minecraft:fire":4,"minecraft:spruce_log":7,"minecraft:mossy_stone_brick_stairs":1,"minecraft:coal_ore":41,"minecraft:cobblestone_slab":2,"minecraft:dirt":1,"minecraft:bamboo":2,"minecraft:stone_bricks":2,"minecraft:stone":123,"minecraft:mossy_stone_bricks":2},"minecraft:crafted":{"minecraft:cobblestone_slab":6,"minecraft:cooked_porkchop":6,"minecraft:dark_oak_boat":2,"minecraft:crafting_table":1,"minecraft:spruce_planks":28,"minecraft:wooden_pickaxe":1,"minecraft:furnace":2,"minecraft:birch_planks":28,"minecraft:stone_axe":1,"minecraft:cooked_mutton":10,"minecraft:air":0,"quark:dark_oak_chest":1,"minecraft:iron_chestplate":1,"minecraft:shield":1,"minecraft:stick":64,"minecraft:iron_ingot":19,"minecraft:stone_pickaxe":2,"minecraft:wooden_axe":1,"minecraft:stone_sword":2,"minecraft:iron_leggings":1,"minecraft:dark_oak_planks":28,"minecraft:torch":64},"minecraft:picked_up":{"minecraft:birch_log":7,"minecraft:crafting_table":10,"minecraft:leather":1,"minecraft:dark_oak_boat":1,"minecraft:dirt":15,"minecraft:beef":4,"minecraft:redstone_torch":1,"minecraft:cobblestone_slab":2,"minecraft:bamboo":20,"minecraft:furnace":2,"minecraft:raw_iron":19,"minecraft:stone_brick_slab":1,"minecraft:torch":2,"minecraft:porkchop":6,"minecraft:spruce_log":7,"minecraft:dark_oak_log":7,"minecraft:rotten_flesh":2,"minecraft:bone_meal":1,"born_in_chaos_v1:rotten_fish":1,"minecraft:mutton":10,"minecraft:white_wool":7,"minecraft:coal":57,"iceandfire:raw_silver":2,"minecraft:cobblestone":126},"minecraft:killed":{"minecraft:pig":3,"undead_revamp2:the_moonflower":1,"born_in_chaos_v1:maggot":2,"minecraft:sheep":7,"born_in_chaos_v1:corpse_fish":3,"minecraft:drowned":1,"undead_revamp2:thespitter":1,"minecraft:cow":2},"minecraft:broken":{"minecraft:stone_pickaxe":1},"minecraft:used":{"minecraft:cooked_mutton":8,"minecraft:stone_sword":87,"minecraft:stone_pickaxe":199,"minecraft:wooden_pickaxe":11,"minecraft:cobblestone_slab":4,"minecraft:iron_chestplate":1,"minecraft:torch":26,"minecraft:crafting_table":11,"minecraft:wooden_axe":21,"minecraft:stone_axe":10,"quark:dark_oak_chest":1,"minecraft:cobblestone":94,"minecraft:dark_oak_boat":2,"minecraft:furnace":3,"tombstone:gift":2,"alexsmobs:animal_dictionary":2,"minecraft:iron_leggings":1},"minecraft:custom":{"minecraft:interact_with_furnace":31,"minecraft:mob_kills":20,"minecraft:interact_with_crafting_table":23,"minecraft:damage_dealt_resisted":30,"minecraft:leave_game":2,"minecraft:time_since_death":620,"minecraft:time_since_rest":438,"minecraft:sprint_one_cm":48531,"minecraft:damage_taken":1151,"minecraft:walk_one_cm":162563,"minecraft:damage_dealt":2153,"minecraft:swim_one_cm":43905,"minecraft:fly_one_cm":38720,"minecraft:open_chest":4,"minecraft:crouch_one_cm":1419,"minecraft:deaths":2,"minecraft:play_time":54227,"tombstone:undead_killed":3,"minecraft:sneak_time":1439,"minecraft:walk_under_water_one_cm":11719,"minecraft:boat_one_cm":127485,"minecraft:jump":573,"minecraft:walk_on_water_one_cm":20282,"minecraft:total_world_time":54227,"minecraft:fall_one_cm":11629}},"DataVersion":3465}