{"stats":{"minecraft:dropped":{"minecraft:iron_ingot":16,"minecraft:wheat_seeds":105,"minecraft:oak_log":1,"iceandfire:silver_axe":2,"minecraft:mossy_cobblestone":10,"minecraft:pitcher_pod":4,"minecraft:yellow_terracotta":1,"minecraft:lantern":2,"minecraft:leather":2,"minecraft:acacia_log":1,"minecraft:rail":1,"minecraft:leather_helmet":1,"minecraft:item_frame":2,"minecraft:stick":3,"sophisticatedbackpacks:gold_backpack":1,"minecraft:dark_oak_log":1,"minecraft:stone_button":2,"iceandfire:copper_nugget":10,"minecraft:tnt_minecart":1,"tombstone:grave_dust":2,"minecraft:iron_leggings":1,"minecraft:string":1,"minecraft:acacia_planks":1,"minecraft:spruce_sapling":5,"minecraft:gravel":3,"minecraft:sugar_cane":2,"minecraft:wheat":8,"undead_revamp2:arapholia":2,"minecraft:rotten_flesh":2,"sophisticatedbackpacks:backpack":1,"minecraft:spruce_fence":3,"minecraft:pumpkin_seeds":3,"supplementaries:flax_seeds":2,"iceandfire:silver_ingot":1,"luminousworld:elephant_grass":1,"minecraft:bow":1,"minecraft:acacia_fence":1},"minecraft:broken":{"minecraft:stone_sword":1,"minecraft:wooden_pickaxe":1,"minecraft:stone_pickaxe":2,"minecraft:wooden_axe":1},"minecraft:killed":{"minecraft:cave_spider":6,"enemyexpansion:invisicreeper":1,"undead_revamp2:bomber":1,"enemyexpansion:direwolf":1,"minecraft:skeleton":2,"enemyexpansion:faller":1,"luminousworld:savannah_zombie":4,"minecraft:husk":2,"minecraft:pig":4,"undead_revamp2:the_moonflower":3,"minecraft:creeper":1,"born_in_chaos_v1:decrepit_skeleton":1,"minecraft:sheep":2,"luminousworld:savannah_skeleton":2,"undead_revamp2:slaveman":1,"undead_revamp2:thesomnolence":3,"minecraft:zombie":2,"iceandfire:ghost":1,"born_in_chaos_v1:dread_hound":1,"enemyexpansion:huntsman":1,"born_in_chaos_v1:nightmare_stalker":1,"minecraft:cow":9},"minecraft:killed_by":{"minecraft:husk":2,"born_in_chaos_v1:nightmare_stalker":1,"born_in_chaos_v1:zombie_lumberjack":1,"minecraft:cave_spider":1,"born_in_chaos_v1:corpse_fish":1,"iceandfire:ghost":1,"undead_revamp2:thebeartamer":1},"minecraft:custom":{"minecraft:mob_kills":54,"minecraft:interact_with_crafting_table":33,"minecraft:open_barrel":1,"minecraft:leave_game":7,"minecraft:time_since_death":2507,"minecraft:climb_one_cm":27996,"minecraft:sprint_one_cm":490737,"minecraft:walk_one_cm":387666,"minecraft:damage_blocked_by_shield":750,"minecraft:drop":63,"minecraft:talked_to_villager":1,"minecraft:play_time":183894,"minecraft:sneak_time":2743,"minecraft:deaths":9,"minecraft:walk_under_water_one_cm":10219,"minecraft:interact_with_brewingstand":2,"minecraft:jump":3321,"minecraft:walk_on_water_one_cm":31016,"minecraft:total_world_time":183894,"minecraft:interact_with_furnace":77,"minecraft:interact_with_loom":4,"minecraft:sleep_in_bed":2,"minecraft:time_since_rest":2134,"minecraft:damage_taken":4187,"minecraft:trigger_trapped_chest":4,"minecraft:damage_dealt":10291,"minecraft:swim_one_cm":68442,"minecraft:fly_one_cm":1033788,"minecraft:open_chest":45,"minecraft:crouch_one_cm":3158,"tombstone:undead_killed":20,"minecraft:fall_one_cm":87202},"minecraft:crafted":{"minecraft:furnace":1,"minecraft:cooked_mutton":4,"iceandfire:armor_silver_metal_chestplate":1,"minecraft:bow":1,"minecraft:stone_pickaxe":2,"iceandfire:armor_silver_metal_boots":1,"minecraft:stone_hoe":1,"minecraft:wheat":567,"sophisticatedbackpacks:iron_backpack":1,"minecraft:cooked_beef":23,"iceandfire:silver_ingot":22,"minecraft:cooked_porkchop":8,"minecraft:crafting_table":2,"minecraft:spruce_planks":40,"minecraft:wooden_pickaxe":1,"sophisticatedbackpacks:gold_backpack":1,"minecraft:bucket":1,"minecraft:stone_axe":1,"minecraft:bread":200,"minecraft:air":0,"iceandfire:armor_silver_metal_helmet":1,"minecraft:charcoal":10,"minecraft:shield":1,"minecraft:stick":40,"minecraft:iron_ingot":35,"minecraft:iron_pickaxe":1,"minecraft:wooden_axe":1,"minecraft:stone_sword":1,"minecraft:gold_ingot":35,"minecraft:torch":76},"minecraft:used":{"minecraft:stone_sword":95,"minecraft:shield":12,"minecraft:stone_hoe":132,"endrem:lost_eye":1,"minecraft:torch":98,"minecraft:dirt":16,"minecraft:wooden_axe":51,"minecraft:furnace":5,"tombstone:gift":3,"minecraft:cooked_beef":3,"minecraft:cooked_mutton":4,"minecraft:water_bucket":2,"minecraft:stone_pickaxe":263,"minecraft:wooden_pickaxe":59,"minecraft:mossy_cobblestone":1,"minecraft:crafting_table":9,"minecraft:white_bed":2,"iceandfire:silver_axe":86,"tombstone:bag_of_seeds":2,"minecraft:iron_pickaxe":96,"minecraft:bread":49,"minecraft:stone_axe":42,"minecraft:cobblestone":87,"minecraft:bucket":3,"alexsmobs:animal_dictionary":1,"minecraft:experience_bottle":1,"minecraft:cobweb":1},"minecraft:mined":{"alexscaves:spelunkery_table":1,"minecraft:large_amethyst_bud":1,"minecraft:white_bed":2,"iceandfire:silver_ore":18,"minecraft:mossy_cobblestone":9,"luminousworld:grassvariant_4":2,"minecraft:deepslate_diamond_ore":5,"iceandfire:copper_pile":1,"minecraft:dark_oak_log":23,"minecraft:brewing_stand":2,"minecraft:spruce_leaves":36,"minecraft:spawner":1,"minecraft:hay_block":130,"minecraft:furnace":6,"minecraft:iron_ore":24,"minecraft:fire":6,"iceandfire:gold_pile":15,"minecraft:deepslate_iron_ore":3,"minecraft:vine":3,"minecraft:stone":54,"minecraft:powder_snow":19,"minecraft:crafting_table":8,"minecraft:torch":5,"minecraft:emerald_ore":1,"minecraft:cobblestone":64,"minecraft:lapis_ore":13,"minecraft:deepslate_gold_ore":11,"minecraft:wall_torch":9,"supplementaries:urn":2,"minecraft:wheat":40,"minecraft:spruce_log":17,"minecraft:grass":4,"minecraft:oak_log":1,"minecraft:coal_ore":146,"iceandfire:silver_pile":14,"minecraft:gravel":2,"minecraft:dirt":16,"luminousworld:grassvariant_3":1,"minecraft:cobweb":16,"minecraft:stone_bricks":2,"luminousworld:savannah_grass_4":1,"luminousworld:elephant_grass":2,"minecraft:gold_ore":13,"minecraft:oak_leaves":4,"minecraft:deepslate":11},"minecraft:picked_up":{"minecraft:charcoal":5,"sophisticatedbackpacks:gold_backpack":1,"undead_revamp2:bostroxingot":1,"minecraft:wheat":41,"minecraft:crafting_table":8,"minecraft:potion":2,"minecraft:brewing_stand":2,"minecraft:string":19,"minecraft:iron_axe":1,"minecraft:iron_leggings":2,"born_in_chaos_v1:intoxicating_decoction":3,"minecraft:item_frame":2,"minecraft:experience_bottle":1,"minecraft:tnt_minecart":1,"minecraft:gold_nugget":90,"minecraft:cobbled_deepslate":11,"minecraft:spruce_planks":5,"minecraft:beef":23,"minecraft:sugar_cane":2,"minecraft:furnace":6,"minecraft:stick":3,"minecraft:raw_iron":35,"minecraft:acacia_fence":1,"minecraft:torch":18,"minecraft:acacia_log":1,"minecraft:spruce_fence":3,"sophisticatedbackpacks:backpack":1,"minecraft:porkchop":8,"minecraft:stone_button":2,"tombstone:grave_dust":2,"born_in_chaos_v1:pieceofdarkmetal":1,"born_in_chaos_v1:nightmare_claw":1,"minecraft:arrow":4,"iceandfire:silver_ingot":1,"minecraft:rotten_flesh":17,"minecraft:hay_block":130,"alexscaves:spelunkery_table":1,"minecraft:yellow_terracotta":1,"minecraft:gold_ingot":5,"undead_revamp2:arapholia":2,"minecraft:mutton":4,"minecraft:cobblestone":118,"minecraft:rail":1,"minecraft:white_wool":2,"undead_revamp2:bostroxset_boots":1,"iceandfire:silver_axe":4,"born_in_chaos_v1:monster_flesh":1,"minecraft:leather":12,"minecraft:oak_log":7,"supplementaries:flax_seeds":2,"minecraft:gunpowder":4,"minecraft:lapis_lazuli":56,"minecraft:dirt":16,"minecraft:lantern":2,"born_in_chaos_v1:monster_skin":2,"minecraft:bone":8,"minecraft:acacia_planks":1,"minecraft:bow":3,"minecraft:wheat_seeds":105,"minecraft:raw_gold":24,"minecraft:iron_ingot":23,"luminousworld:elephant_grass":1,"minecraft:iron_sword":1,"minecraft:pitcher_pod":4,"iceandfire:copper_nugget":10,"born_in_chaos_v1:ethereal_spirit":1,"minecraft:gravel":3,"minecraft:amethyst_shard":2,"minecraft:spruce_sapling":5,"minecraft:white_bed":2,"minecraft:spruce_log":16,"minecraft:leather_helmet":1,"minecraft:dark_oak_log":41,"minecraft:spider_eye":5,"minecraft:mossy_cobblestone":11,"minecraft:pumpkin_seeds":3,"minecraft:diamond":5,"minecraft:chainmail_leggings":1,"minecraft:emerald":8,"iceandfire:silver_nugget":48,"minecraft:coal":267,"iceandfire:raw_silver":18}},"DataVersion":3465}