{"stats":{"minecraft:killed_by":{"minecraft:cave_spider":1,"iceandfire:ghost":1,"undead_revamp2:thebeartamer":1},"minecraft:crafted":{"minecraft:furnace":1,"minecraft:cooked_mutton":4,"iceandfire:armor_silver_metal_chestplate":1,"minecraft:stone_pickaxe":2,"iceandfire:armor_silver_metal_boots":1,"minecraft:stone_hoe":1,"sophisticatedbackpacks:iron_backpack":1,"minecraft:cooked_beef":3,"iceandfire:silver_ingot":20,"minecraft:cooked_porkchop":8,"minecraft:crafting_table":2,"minecraft:spruce_planks":40,"minecraft:wooden_pickaxe":1,"sophisticatedbackpacks:gold_backpack":1,"minecraft:bucket":1,"minecraft:stone_axe":1,"minecraft:bread":11,"minecraft:air":0,"iceandfire:armor_silver_metal_helmet":1,"minecraft:charcoal":10,"minecraft:shield":1,"minecraft:stick":40,"minecraft:iron_ingot":35,"minecraft:iron_pickaxe":1,"minecraft:wooden_axe":1,"minecraft:stone_sword":1,"minecraft:gold_ingot":30,"minecraft:torch":76},"minecraft:custom":{"minecraft:mob_kills":28,"minecraft:interact_with_crafting_table":29,"minecraft:open_barrel":1,"minecraft:leave_game":6,"minecraft:time_since_death":3063,"minecraft:climb_one_cm":26833,"minecraft:sprint_one_cm":238198,"minecraft:walk_one_cm":215091,"minecraft:damage_blocked_by_shield":465,"minecraft:drop":39,"minecraft:talked_to_villager":1,"minecraft:play_time":124378,"minecraft:deaths":3,"minecraft:sneak_time":2465,"minecraft:walk_under_water_one_cm":3406,"minecraft:jump":1406,"minecraft:walk_on_water_one_cm":12190,"minecraft:total_world_time":124378,"minecraft:interact_with_furnace":70,"minecraft:interact_with_loom":4,"minecraft:sleep_in_bed":1,"minecraft:time_since_rest":1452,"minecraft:damage_taken":1316,"minecraft:trigger_trapped_chest":3,"minecraft:damage_dealt":3856,"minecraft:swim_one_cm":41433,"minecraft:fly_one_cm":497907,"minecraft:open_chest":13,"minecraft:crouch_one_cm":2994,"tombstone:undead_killed":5,"minecraft:fall_one_cm":32689},"minecraft:mined":{"alexscaves:spelunkery_table":1,"minecraft:large_amethyst_bud":1,"minecraft:white_bed":2,"iceandfire:silver_ore":17,"minecraft:mossy_cobblestone":9,"luminousworld:grassvariant_4":2,"minecraft:deepslate_diamond_ore":5,"iceandfire:copper_pile":1,"minecraft:dark_oak_log":23,"minecraft:spruce_leaves":36,"minecraft:spawner":1,"minecraft:hay_block":11,"minecraft:furnace":4,"minecraft:iron_ore":24,"minecraft:fire":6,"iceandfire:gold_pile":9,"minecraft:deepslate_iron_ore":3,"minecraft:vine":3,"minecraft:stone":53,"minecraft:powder_snow":19,"minecraft:crafting_table":7,"minecraft:torch":5,"minecraft:emerald_ore":1,"minecraft:cobblestone":63,"minecraft:lapis_ore":13,"minecraft:deepslate_gold_ore":11,"minecraft:wall_torch":9,"supplementaries:urn":2,"minecraft:wheat":36,"minecraft:spruce_log":17,"minecraft:grass":2,"iceandfire:silver_pile":8,"minecraft:oak_log":1,"minecraft:coal_ore":144,"minecraft:gravel":2,"minecraft:dirt":16,"luminousworld:grassvariant_3":1,"minecraft:cobweb":16,"minecraft:gold_ore":13,"minecraft:oak_leaves":3,"minecraft:deepslate":11},"minecraft:broken":{"minecraft:wooden_pickaxe":1,"minecraft:stone_pickaxe":1,"minecraft:wooden_axe":1},"minecraft:killed":{"minecraft:cave_spider":6,"enemyexpansion:invisicreeper":1,"enemyexpansion:direwolf":1,"enemyexpansion:faller":1,"minecraft:pig":4,"born_in_chaos_v1:decrepit_skeleton":1,"minecraft:sheep":2,"undead_revamp2:slaveman":1,"minecraft:zombie":2,"iceandfire:ghost":1,"born_in_chaos_v1:dread_hound":1,"minecraft:cow":5},"minecraft:picked_up":{"minecraft:charcoal":5,"sophisticatedbackpacks:gold_backpack":1,"undead_revamp2:bostroxingot":1,"minecraft:wheat":37,"minecraft:crafting_table":7,"minecraft:string":18,"minecraft:iron_leggings":1,"minecraft:tnt_minecart":1,"minecraft:gold_nugget":54,"minecraft:cobbled_deepslate":11,"minecraft:spruce_planks":5,"minecraft:beef":12,"minecraft:furnace":4,"minecraft:stick":3,"minecraft:raw_iron":35,"minecraft:torch":18,"minecraft:spruce_fence":3,"sophisticatedbackpacks:backpack":1,"minecraft:porkchop":8,"minecraft:rotten_flesh":2,"minecraft:hay_block":11,"alexscaves:spelunkery_table":1,"minecraft:gold_ingot":5,"minecraft:mutton":4,"minecraft:cobblestone":116,"minecraft:rail":1,"minecraft:white_wool":2,"undead_revamp2:bostroxset_boots":1,"iceandfire:silver_axe":4,"born_in_chaos_v1:monster_flesh":1,"minecraft:leather":6,"minecraft:oak_log":7,"supplementaries:flax_seeds":2,"minecraft:gunpowder":2,"minecraft:lapis_lazuli":56,"minecraft:dirt":16,"minecraft:bone":2,"minecraft:wheat_seeds":92,"minecraft:raw_gold":24,"minecraft:iron_ingot":21,"minecraft:pitcher_pod":4,"iceandfire:copper_nugget":10,"minecraft:gravel":3,"minecraft:amethyst_shard":2,"minecraft:spruce_sapling":5,"minecraft:white_bed":2,"minecraft:spruce_log":16,"minecraft:dark_oak_log":40,"minecraft:spider_eye":5,"minecraft:mossy_cobblestone":11,"minecraft:pumpkin_seeds":3,"minecraft:diamond":5,"minecraft:chainmail_leggings":1,"minecraft:emerald":6,"minecraft:coal":203,"iceandfire:silver_nugget":28,"iceandfire:raw_silver":17},"minecraft:used":{"minecraft:stone_sword":58,"minecraft:shield":6,"minecraft:stone_hoe":11,"endrem:lost_eye":1,"minecraft:torch":93,"minecraft:dirt":16,"minecraft:wooden_axe":51,"minecraft:furnace":3,"tombstone:gift":1,"minecraft:cooked_beef":3,"minecraft:water_bucket":1,"minecraft:stone_pickaxe":254,"minecraft:wooden_pickaxe":59,"minecraft:mossy_cobblestone":1,"minecraft:crafting_table":8,"minecraft:white_bed":1,"iceandfire:silver_axe":30,"tombstone:bag_of_seeds":2,"minecraft:bread":16,"minecraft:iron_pickaxe":82,"minecraft:stone_axe":14,"minecraft:cobblestone":49,"minecraft:bucket":2,"alexsmobs:animal_dictionary":1,"minecraft:cobweb":1},"minecraft:dropped":{"minecraft:iron_ingot":16,"minecraft:wheat_seeds":92,"minecraft:oak_log":1,"iceandfire:silver_axe":2,"minecraft:mossy_cobblestone":10,"minecraft:pitcher_pod":4,"minecraft:leather":2,"minecraft:rail":1,"minecraft:stick":3,"sophisticatedbackpacks:gold_backpack":1,"iceandfire:copper_nugget":10,"minecraft:tnt_minecart":1,"tombstone:grave_dust":1,"minecraft:iron_leggings":1,"minecraft:spruce_sapling":5,"minecraft:gravel":3,"minecraft:wheat":4,"minecraft:rotten_flesh":2,"sophisticatedbackpacks:backpack":1,"minecraft:spruce_fence":3,"minecraft:pumpkin_seeds":3,"supplementaries:flax_seeds":2}},"DataVersion":3465}