{"stats":{"minecraft:custom":{"minecraft:interact_with_furnace":15,"minecraft:mob_kills":9,"minecraft:interact_with_crafting_table":9,"minecraft:leave_game":2,"minecraft:time_since_death":24568,"minecraft:time_since_rest":24438,"minecraft:sprint_one_cm":67925,"minecraft:damage_taken":390,"minecraft:walk_one_cm":51899,"minecraft:damage_blocked_by_shield":90,"minecraft:drop":3,"minecraft:damage_dealt":1264,"minecraft:swim_one_cm":26182,"minecraft:fly_one_cm":274059,"minecraft:open_chest":1,"minecraft:crouch_one_cm":618,"minecraft:play_time":55571,"tombstone:undead_killed":3,"minecraft:deaths":1,"minecraft:sneak_time":342,"minecraft:walk_under_water_one_cm":913,"minecraft:jump":637,"minecraft:walk_on_water_one_cm":3677,"minecraft:total_world_time":55571,"minecraft:fall_one_cm":22600},"minecraft:picked_up":{"undead_revamp2:bostroxset_boots":1,"undead_revamp2:bostroxingot":1,"minecraft:crafting_table":4,"minecraft:wheat":12,"minecraft:leather":1,"minecraft:dirt":14,"minecraft:wheat_seeds":34,"minecraft:beef":3,"minecraft:iron_ingot":5,"minecraft:furnace":1,"minecraft:raw_iron":4,"minecraft:torch":5,"minecraft:gravel":3,"minecraft:porkchop":4,"minecraft:spruce_sapling":1,"minecraft:spruce_log":16,"minecraft:dark_oak_log":40,"minecraft:rotten_flesh":2,"minecraft:gold_ingot":5,"minecraft:mutton":4,"minecraft:coal":46,"minecraft:white_wool":2,"iceandfire:raw_silver":9,"minecraft:cobblestone":44},"minecraft:used":{"minecraft:stone_pickaxe":49,"minecraft:wooden_pickaxe":59,"minecraft:shield":3,"minecraft:torch":5,"minecraft:dirt":9,"minecraft:crafting_table":4,"minecraft:wooden_axe":51,"minecraft:stone_axe":14,"minecraft:furnace":1,"tombstone:gift":1,"alexsmobs:animal_dictionary":1,"minecraft:cooked_beef":3},"minecraft:killed":{"minecraft:pig":2,"minecraft:sheep":2,"undead_revamp2:slaveman":1,"minecraft:zombie":2,"minecraft:cow":2},"minecraft:dropped":{"minecraft:gravel":3},"minecraft:killed_by":{"undead_revamp2:thebeartamer":1},"minecraft:mined":{"iceandfire:silver_ore":9,"minecraft:dark_oak_log":23,"minecraft:powder_snow":19,"minecraft:crafting_table":4,"minecraft:torch":2,"minecraft:spruce_leaves":1,"minecraft:wall_torch":3,"minecraft:furnace":1,"minecraft:wheat":13,"minecraft:iron_ore":4,"minecraft:spruce_log":17,"minecraft:grass":1,"minecraft:coal_ore":47,"minecraft:gravel":2,"minecraft:dirt":14,"minecraft:stone":44,"minecraft:oak_leaves":1},"minecraft:crafted":{"minecraft:cooked_beef":3,"minecraft:cooked_porkchop":4,"minecraft:crafting_table":1,"minecraft:spruce_planks":40,"minecraft:wooden_pickaxe":1,"minecraft:furnace":1,"minecraft:stone_axe":1,"minecraft:cooked_mutton":4,"minecraft:air":0,"minecraft:charcoal":10,"minecraft:shield":1,"minecraft:stick":12,"minecraft:stone_pickaxe":1,"minecraft:wooden_axe":1,"minecraft:torch":4},"minecraft:broken":{"minecraft:wooden_axe":1,"minecraft:wooden_pickaxe":1}},"DataVersion":3465}