{"stats":{"minecraft:custom":{"minecraft:interact_with_furnace":27,"minecraft:mob_kills":9,"minecraft:interact_with_crafting_table":14,"minecraft:leave_game":2,"minecraft:time_since_death":34223,"minecraft:time_since_rest":34093,"minecraft:sprint_one_cm":84081,"minecraft:damage_taken":390,"minecraft:walk_one_cm":75986,"minecraft:damage_blocked_by_shield":90,"minecraft:drop":11,"minecraft:damage_dealt":1264,"minecraft:swim_one_cm":27488,"minecraft:talked_to_villager":1,"minecraft:fly_one_cm":291975,"minecraft:open_chest":4,"minecraft:crouch_one_cm":1051,"minecraft:play_time":65226,"tombstone:undead_killed":3,"minecraft:deaths":1,"minecraft:sneak_time":572,"minecraft:walk_under_water_one_cm":1125,"minecraft:jump":715,"minecraft:walk_on_water_one_cm":4547,"minecraft:total_world_time":65226,"minecraft:fall_one_cm":23914},"minecraft:picked_up":{"iceandfire:silver_axe":2,"undead_revamp2:bostroxset_boots":1,"undead_revamp2:bostroxingot":1,"minecraft:crafting_table":4,"minecraft:wheat":24,"minecraft:leather":1,"minecraft:dirt":14,"minecraft:string":1,"minecraft:iron_leggings":1,"minecraft:wheat_seeds":65,"minecraft:gold_nugget":36,"minecraft:beef":3,"minecraft:iron_ingot":5,"minecraft:furnace":2,"minecraft:raw_iron":4,"iceandfire:copper_nugget":10,"minecraft:torch":6,"minecraft:porkchop":4,"minecraft:gravel":3,"minecraft:spruce_sapling":1,"minecraft:white_bed":1,"minecraft:spruce_log":16,"minecraft:dark_oak_log":40,"minecraft:rotten_flesh":2,"minecraft:gold_ingot":5,"minecraft:mutton":4,"iceandfire:silver_nugget":18,"minecraft:coal":53,"minecraft:white_wool":2,"iceandfire:raw_silver":15,"minecraft:cobblestone":46},"minecraft:used":{"minecraft:stone_sword":1,"minecraft:stone_pickaxe":82,"minecraft:wooden_pickaxe":59,"minecraft:shield":3,"minecraft:torch":7,"minecraft:dirt":9,"minecraft:crafting_table":5,"minecraft:wooden_axe":51,"minecraft:bread":1,"minecraft:stone_axe":14,"minecraft:furnace":2,"tombstone:gift":1,"alexsmobs:animal_dictionary":1,"minecraft:cooked_beef":3,"minecraft:cobweb":1},"minecraft:killed":{"minecraft:pig":2,"minecraft:sheep":2,"undead_revamp2:slaveman":1,"minecraft:zombie":2,"minecraft:cow":2},"minecraft:dropped":{"minecraft:gravel":3,"minecraft:wheat_seeds":65,"iceandfire:silver_axe":2,"iceandfire:copper_nugget":1,"tombstone:grave_dust":1,"minecraft:iron_leggings":1,"minecraft:spruce_sapling":1},"minecraft:killed_by":{"undead_revamp2:thebeartamer":1},"minecraft:mined":{"minecraft:white_bed":1,"iceandfire:silver_ore":15,"luminousworld:grassvariant_4":2,"iceandfire:copper_pile":1,"minecraft:dark_oak_log":23,"minecraft:powder_snow":19,"minecraft:crafting_table":4,"minecraft:torch":3,"minecraft:spruce_leaves":1,"minecraft:wall_torch":3,"minecraft:furnace":2,"minecraft:iron_ore":4,"minecraft:wheat":25,"minecraft:spruce_log":17,"minecraft:grass":1,"minecraft:coal_ore":58,"iceandfire:silver_pile":5,"iceandfire:gold_pile":6,"minecraft:gravel":2,"minecraft:dirt":14,"minecraft:cobweb":1,"minecraft:stone":47,"minecraft:oak_leaves":3},"minecraft:crafted":{"minecraft:cooked_beef":3,"minecraft:cooked_porkchop":4,"iceandfire:silver_ingot":14,"minecraft:crafting_table":1,"minecraft:spruce_planks":40,"minecraft:wooden_pickaxe":1,"minecraft:furnace":1,"minecraft:stone_axe":1,"minecraft:bread":8,"minecraft:cooked_mutton":4,"minecraft:air":0,"iceandfire:armor_silver_metal_chestplate":1,"minecraft:charcoal":10,"minecraft:shield":1,"minecraft:stick":12,"minecraft:iron_ingot":4,"minecraft:stone_pickaxe":1,"minecraft:wooden_axe":1,"minecraft:stone_sword":1,"minecraft:torch":4},"minecraft:broken":{"minecraft:wooden_axe":1,"minecraft:wooden_pickaxe":1}},"DataVersion":3465}