{"stats":{"minecraft:custom":{"minecraft:interact_with_furnace":46,"minecraft:mob_kills":14,"minecraft:interact_with_crafting_table":19,"minecraft:leave_game":4,"minecraft:time_since_death":393,"minecraft:sleep_in_bed":1,"minecraft:climb_one_cm":1126,"minecraft:time_since_rest":1,"minecraft:sprint_one_cm":109509,"minecraft:damage_taken":800,"minecraft:walk_one_cm":108382,"minecraft:damage_blocked_by_shield":465,"minecraft:drop":16,"minecraft:damage_dealt":1655,"minecraft:swim_one_cm":41433,"minecraft:talked_to_villager":1,"minecraft:fly_one_cm":302757,"minecraft:open_chest":5,"minecraft:crouch_one_cm":1149,"minecraft:play_time":78577,"tombstone:undead_killed":3,"minecraft:deaths":2,"minecraft:sneak_time":630,"minecraft:walk_under_water_one_cm":3208,"minecraft:jump":840,"minecraft:walk_on_water_one_cm":7558,"minecraft:total_world_time":78577,"minecraft:fall_one_cm":26454},"minecraft:picked_up":{"iceandfire:silver_axe":2,"undead_revamp2:bostroxset_boots":1,"undead_revamp2:bostroxingot":1,"minecraft:crafting_table":4,"minecraft:wheat":35,"minecraft:leather":1,"minecraft:dirt":16,"minecraft:string":9,"minecraft:iron_leggings":1,"minecraft:wheat_seeds":91,"minecraft:gold_nugget":54,"minecraft:spruce_planks":2,"minecraft:iron_ingot":5,"minecraft:beef":3,"minecraft:furnace":2,"minecraft:stick":2,"minecraft:raw_iron":12,"iceandfire:copper_nugget":10,"minecraft:torch":7,"minecraft:gravel":3,"minecraft:spruce_fence":1,"minecraft:porkchop":8,"minecraft:spruce_sapling":2,"minecraft:white_bed":1,"minecraft:spruce_log":16,"minecraft:dark_oak_log":40,"minecraft:rotten_flesh":2,"minecraft:gold_ingot":5,"minecraft:emerald":5,"minecraft:white_wool":2,"minecraft:mutton":4,"iceandfire:silver_nugget":28,"minecraft:coal":62,"minecraft:rail":1,"iceandfire:raw_silver":17,"minecraft:cobblestone":53},"minecraft:used":{"minecraft:stone_sword":20,"minecraft:stone_pickaxe":104,"minecraft:wooden_pickaxe":59,"minecraft:shield":6,"endrem:lost_eye":1,"minecraft:torch":24,"minecraft:dirt":14,"minecraft:crafting_table":5,"minecraft:white_bed":1,"minecraft:wooden_axe":51,"minecraft:bread":6,"minecraft:stone_axe":14,"minecraft:furnace":2,"tombstone:gift":1,"alexsmobs:animal_dictionary":1,"minecraft:cooked_beef":3,"minecraft:cobweb":1},"minecraft:killed":{"minecraft:pig":4,"enemyexpansion:invisicreeper":1,"minecraft:sheep":2,"undead_revamp2:slaveman":1,"minecraft:zombie":2,"minecraft:cow":2},"minecraft:dropped":{"minecraft:gravel":3,"minecraft:wheat_seeds":91,"iceandfire:silver_axe":2,"minecraft:wheat":2,"minecraft:spruce_fence":1,"minecraft:rail":1,"iceandfire:copper_nugget":1,"tombstone:grave_dust":1,"minecraft:iron_leggings":1,"minecraft:spruce_sapling":2},"minecraft:killed_by":{"minecraft:cave_spider":1,"undead_revamp2:thebeartamer":1},"minecraft:mined":{"minecraft:white_bed":1,"iceandfire:silver_ore":17,"minecraft:mossy_cobblestone":3,"luminousworld:grassvariant_4":2,"iceandfire:copper_pile":1,"minecraft:dark_oak_log":23,"minecraft:powder_snow":19,"minecraft:crafting_table":4,"minecraft:torch":3,"minecraft:spruce_leaves":4,"minecraft:wall_torch":4,"supplementaries:urn":2,"minecraft:furnace":2,"minecraft:iron_ore":4,"minecraft:wheat":36,"minecraft:fire":6,"minecraft:spruce_log":17,"minecraft:grass":1,"minecraft:coal_ore":63,"iceandfire:silver_pile":8,"iceandfire:gold_pile":9,"minecraft:gravel":2,"minecraft:dirt":16,"luminousworld:grassvariant_3":1,"minecraft:cobweb":9,"minecraft:stone":53,"minecraft:oak_leaves":3},"minecraft:crafted":{"minecraft:cooked_beef":3,"minecraft:cooked_porkchop":8,"iceandfire:silver_ingot":17,"minecraft:crafting_table":1,"minecraft:spruce_planks":40,"minecraft:wooden_pickaxe":1,"minecraft:furnace":1,"minecraft:stone_axe":1,"minecraft:bread":11,"minecraft:cooked_mutton":4,"minecraft:air":0,"iceandfire:armor_silver_metal_chestplate":1,"iceandfire:armor_silver_metal_helmet":1,"minecraft:charcoal":10,"minecraft:shield":1,"minecraft:stick":12,"minecraft:iron_ingot":4,"minecraft:stone_pickaxe":1,"minecraft:wooden_axe":1,"minecraft:stone_sword":1,"iceandfire:armor_silver_metal_boots":1,"minecraft:torch":20},"minecraft:broken":{"minecraft:wooden_axe":1,"minecraft:wooden_pickaxe":1}},"DataVersion":3465}