{"stats":{"minecraft:used":{"minecraft:dirt":2},"minecraft:mined":{"minecraft:dirt":2},"minecraft:picked_up":{"minecraft:dirt":2},"minecraft:custom":{"minecraft:jump":217,"minecraft:time_since_rest":25901,"minecraft:crouch_one_cm":143,"minecraft:leave_game":2,"minecraft:play_time":25901,"minecraft:sprint_one_cm":13541,"minecraft:time_since_death":25901,"minecraft:walk_one_cm":7030,"minecraft:sneak_time":93,"minecraft:total_world_time":25901,"minecraft:fall_one_cm":3669,"minecraft:fly_one_cm":200472}},"DataVersion":3465}