{"stats":{"minecraft:dropped":{"minecraft:iron_ingot":16,"minecraft:acacia_wood":1,"minecraft:wheat_seeds":105,"minecraft:oak_log":1,"iceandfire:silver_axe":2,"minecraft:mossy_cobblestone":10,"minecraft:pitcher_pod":4,"minecraft:yellow_terracotta":1,"minecraft:lantern":2,"minecraft:leather":2,"minecraft:acacia_log":2,"minecraft:rail":1,"minecraft:leather_helmet":1,"minecraft:item_frame":2,"minecraft:stick":3,"sophisticatedbackpacks:gold_backpack":1,"minecraft:dark_oak_log":1,"minecraft:stone_button":2,"iceandfire:copper_nugget":10,"minecraft:tnt_minecart":1,"tombstone:grave_dust":2,"minecraft:iron_leggings":1,"minecraft:pumpkin_pie":9,"minecraft:acacia_door":1,"minecraft:string":1,"minecraft:acacia_planks":1,"minecraft:spruce_sapling":5,"minecraft:gravel":3,"minecraft:sugar_cane":2,"minecraft:wheat":9,"undead_revamp2:arapholia":2,"minecraft:rotten_flesh":2,"sophisticatedbackpacks:backpack":1,"minecraft:spruce_fence":3,"minecraft:pumpkin_seeds":3,"supplementaries:flax_seeds":2,"supplementaries:ash":1,"luminousworld:groundpebbles_1":1,"iceandfire:silver_ingot":1,"luminousworld:elephant_grass":1,"minecraft:bow":1,"minecraft:acacia_fence":1},"minecraft:broken":{"minecraft:stone_sword":1,"minecraft:stone_hoe":1,"minecraft:wooden_pickaxe":1,"minecraft:stone_pickaxe":2,"minecraft:stone_axe":1,"minecraft:wooden_axe":1},"minecraft:killed":{"minecraft:cave_spider":6,"enemyexpansion:invisicreeper":1,"undead_revamp2:bomber":2,"enemyexpansion:direwolf":1,"born_in_chaos_v1:maggot":5,"minecraft:skeleton":6,"enemyexpansion:faller":1,"iceandfire:fire_dragon":1,"luminousworld:savannah_zombie":6,"minecraft:husk":22,"minecraft:pig":4,"undead_revamp2:the_moonflower":4,"minecraft:creeper":1,"born_in_chaos_v1:decrepit_skeleton":2,"minecraft:sheep":2,"luminousworld:savannah_skeleton":3,"undead_revamp2:slaveman":1,"undead_revamp2:thesomnolence":3,"minecraft:zombie":2,"iceandfire:ghost":1,"born_in_chaos_v1:dread_hound":1,"enemyexpansion:huntsman":1,"enemyexpansion:botfly":2,"born_in_chaos_v1:nightmare_stalker":1,"creeperoverhaul:savannah_creeper":1,"minecraft:cow":9},"minecraft:killed_by":{"minecraft:husk":3,"born_in_chaos_v1:nightmare_stalker":1,"born_in_chaos_v1:zombie_lumberjack":1,"minecraft:cave_spider":1,"born_in_chaos_v1:corpse_fish":1,"iceandfire:ghost":1,"undead_revamp2:thebeartamer":1,"iceandfire:fire_dragon":1},"minecraft:custom":{"minecraft:mob_kills":94,"minecraft:interact_with_crafting_table":34,"minecraft:open_barrel":35,"minecraft:damage_dealt_resisted":20,"minecraft:leave_game":8,"minecraft:time_since_death":32926,"minecraft:climb_one_cm":31710,"minecraft:sprint_one_cm":585326,"minecraft:walk_one_cm":543161,"minecraft:damage_blocked_by_shield":1875,"minecraft:drop":70,"minecraft:talked_to_villager":1,"minecraft:play_time":227175,"minecraft:sneak_time":3250,"minecraft:deaths":11,"minecraft:walk_under_water_one_cm":11810,"minecraft:interact_with_brewingstand":2,"minecraft:jump":3802,"minecraft:interact_with_blast_furnace":6,"minecraft:walk_on_water_one_cm":36270,"minecraft:total_world_time":227175,"minecraft:interact_with_furnace":80,"minecraft:interact_with_loom":4,"minecraft:sleep_in_bed":3,"minecraft:time_since_rest":30105,"minecraft:damage_taken":6259,"minecraft:trigger_trapped_chest":4,"minecraft:damage_dealt":23572,"minecraft:swim_one_cm":68442,"minecraft:fly_one_cm":1171236,"minecraft:open_chest":62,"minecraft:crouch_one_cm":3208,"tombstone:undead_killed":50,"minecraft:fall_one_cm":94168},"minecraft:crafted":{"minecraft:furnace":1,"minecraft:cooked_mutton":4,"iceandfire:armor_silver_metal_chestplate":1,"minecraft:bow":1,"minecraft:stone_pickaxe":2,"iceandfire:armor_silver_metal_boots":1,"minecraft:stone_hoe":1,"sophisticatedbackpacks:iron_backpack":1,"minecraft:wheat":567,"minecraft:cooked_beef":23,"iceandfire:silver_ingot":22,"minecraft:cooked_porkchop":8,"minecraft:crafting_table":2,"minecraft:spruce_planks":40,"minecraft:wooden_pickaxe":1,"sophisticatedbackpacks:gold_backpack":1,"minecraft:bucket":1,"minecraft:stone_axe":1,"minecraft:bread":200,"minecraft:air":0,"iceandfire:armor_silver_metal_helmet":1,"minecraft:charcoal":10,"minecraft:shield":1,"minecraft:stick":40,"minecraft:iron_ingot":35,"minecraft:iron_pickaxe":1,"minecraft:wooden_axe":1,"minecraft:stone_sword":1,"minecraft:gold_ingot":35,"minecraft:torch":100},"minecraft:used":{"minecraft:stone_sword":95,"minecraft:shield":24,"minecraft:iron_sword":152,"minecraft:cooked_salmon":1,"minecraft:stone_hoe":133,"endrem:lost_eye":1,"minecraft:torch":133,"minecraft:dirt":16,"minecraft:wooden_axe":51,"minecraft:iron_axe":3,"minecraft:bow":1,"minecraft:furnace":5,"minecraft:calcite":1,"tombstone:gift":5,"minecraft:cooked_beef":3,"minecraft:cooked_mutton":4,"minecraft:water_bucket":5,"minecraft:stone_pickaxe":263,"minecraft:wooden_pickaxe":59,"minecraft:mossy_cobblestone":1,"minecraft:crafting_table":9,"minecraft:mushroom_stew":1,"minecraft:white_bed":2,"iceandfire:silver_axe":136,"tombstone:bag_of_seeds":2,"minecraft:iron_pickaxe":111,"minecraft:bread":50,"minecraft:stone_axe":64,"minecraft:cobblestone":106,"minecraft:cooked_porkchop":9,"minecraft:bucket":4,"minecraft:pumpkin_pie":16,"alexsmobs:animal_dictionary":1,"minecraft:cobweb":1,"minecraft:experience_bottle":1},"minecraft:mined":{"minecraft:large_amethyst_bud":1,"alexscaves:spelunkery_table":1,"minecraft:white_bed":2,"iceandfire:silver_ore":18,"minecraft:mossy_cobblestone":9,"luminousworld:grassvariant_4":2,"minecraft:deepslate_diamond_ore":5,"iceandfire:copper_pile":1,"minecraft:dark_oak_log":23,"minecraft:brewing_stand":2,"minecraft:spruce_leaves":36,"minecraft:spawner":6,"minecraft:hay_block":145,"minecraft:furnace":6,"minecraft:iron_ore":24,"minecraft:fire":7,"iceandfire:gold_pile":15,"minecraft:deepslate_iron_ore":3,"minecraft:vine":3,"minecraft:iron_bars":1,"minecraft:stone":54,"minecraft:orange_bed":1,"minecraft:smithing_table":1,"minecraft:acacia_leaves":1,"minecraft:powder_snow":19,"minecraft:crafting_table":8,"minecraft:torch":5,"minecraft:emerald_ore":1,"minecraft:calcite":1,"minecraft:cobblestone":70,"minecraft:deepslate_gold_ore":11,"minecraft:lapis_ore":13,"minecraft:damaged_anvil":1,"minecraft:wall_torch":9,"supplementaries:urn":2,"minecraft:wheat":40,"minecraft:spruce_log":17,"minecraft:yellow_bed":2,"minecraft:grass":4,"minecraft:coal_ore":146,"minecraft:oak_log":1,"iceandfire:silver_pile":14,"minecraft:gravel":2,"minecraft:dirt":16,"luminousworld:grassvariant_3":1,"minecraft:cobweb":16,"minecraft:stone_bricks":2,"luminousworld:elephant_grass":2,"luminousworld:savannah_grass_4":3,"minecraft:gold_ore":13,"minecraft:oak_leaves":4,"minecraft:deepslate":11},"minecraft:picked_up":{"minecraft:charcoal":5,"sophisticatedbackpacks:gold_backpack":1,"undead_revamp2:bostroxingot":1,"luminousworld:groundpebbles_1":1,"minecraft:crafting_table":8,"minecraft:wheat":42,"minecraft:smithing_table":1,"minecraft:potion":2,"minecraft:enchanted_book":2,"minecraft:brewing_stand":2,"minecraft:string":19,"minecraft:cooked_salmon":1,"minecraft:iron_axe":1,"minecraft:acacia_door":1,"minecraft:iron_leggings":2,"born_in_chaos_v1:intoxicating_decoction":3,"minecraft:item_frame":2,"minecraft:experience_bottle":1,"minecraft:tnt_minecart":1,"minecraft:gold_nugget":90,"minecraft:cobbled_deepslate":11,"minecraft:spruce_planks":5,"minecraft:beef":23,"minecraft:calcite":1,"minecraft:sugar_cane":2,"minecraft:furnace":6,"minecraft:raw_iron":35,"minecraft:stick":3,"minecraft:acacia_fence":1,"minecraft:torch":20,"minecraft:acacia_log":2,"sophisticatedbackpacks:backpack":1,"minecraft:spruce_fence":3,"minecraft:porkchop":8,"minecraft:stone_button":2,"tombstone:grave_dust":2,"born_in_chaos_v1:pieceofdarkmetal":1,"born_in_chaos_v1:nightmare_claw":1,"minecraft:orange_bed":1,"iceandfire:silver_ingot":1,"minecraft:arrow":10,"minecraft:rotten_flesh":47,"minecraft:pumpkin_pie":9,"minecraft:iron_bars":1,"minecraft:hay_block":145,"alexscaves:spelunkery_table":1,"minecraft:yellow_terracotta":1,"tombstone:essence_of_undeath":2,"minecraft:gold_ingot":5,"supplementaries:ash":1,"minecraft:white_wool":2,"minecraft:mutton":4,"undead_revamp2:arapholia":2,"minecraft:rail":1,"minecraft:cobblestone":124,"undead_revamp2:bostroxset_boots":1,"iceandfire:silver_axe":4,"born_in_chaos_v1:corpse_maggot":5,"born_in_chaos_v1:monster_flesh":1,"minecraft:leather":12,"minecraft:acacia_wood":1,"minecraft:oak_log":7,"supplementaries:flax_seeds":2,"minecraft:yellow_bed":2,"minecraft:gunpowder":4,"minecraft:lapis_lazuli":56,"minecraft:dirt":16,"minecraft:lantern":2,"born_in_chaos_v1:monster_skin":2,"minecraft:bone":10,"minecraft:acacia_planks":1,"minecraft:bow":4,"minecraft:wheat_seeds":105,"minecraft:raw_gold":24,"minecraft:iron_ingot":23,"luminousworld:elephant_grass":1,"minecraft:pitcher_pod":4,"minecraft:iron_sword":1,"iceandfire:copper_nugget":10,"minecraft:cooked_porkchop":1,"born_in_chaos_v1:ethereal_spirit":1,"minecraft:gravel":3,"minecraft:amethyst_shard":2,"minecraft:spruce_sapling":5,"minecraft:white_bed":2,"minecraft:spruce_log":16,"minecraft:dark_oak_log":41,"minecraft:spider_eye":5,"minecraft:mossy_cobblestone":11,"minecraft:leather_helmet":1,"minecraft:bundle":1,"minecraft:iron_hoe":1,"minecraft:pumpkin_seeds":3,"minecraft:diamond":5,"minecraft:chainmail_leggings":2,"minecraft:emerald":8,"minecraft:damaged_anvil":1,"iceandfire:silver_nugget":48,"minecraft:coal":267,"iceandfire:raw_silver":18}},"DataVersion":3465}