{"stats":{"minecraft:picked_up":{"minecraft:crafting_table":1,"minecraft:leather":1,"minecraft:beef":3,"minecraft:porkchop":4,"minecraft:spruce_log":10,"minecraft:mutton":4,"minecraft:white_wool":2,"minecraft:dirt":14},"minecraft:custom":{"minecraft:open_chest":1,"minecraft:time_since_rest":438,"minecraft:crouch_one_cm":143,"minecraft:sprint_one_cm":30057,"minecraft:play_time":31571,"minecraft:deaths":1,"minecraft:damage_taken":210,"minecraft:walk_one_cm":14436,"minecraft:sneak_time":93,"minecraft:mob_kills":6,"minecraft:jump":331,"minecraft:damage_dealt":665,"minecraft:time_since_death":568,"minecraft:leave_game":2,"minecraft:total_world_time":31571,"minecraft:interact_with_crafting_table":4,"minecraft:fall_one_cm":12465,"minecraft:fly_one_cm":232000},"minecraft:used":{"minecraft:wooden_axe":16,"minecraft:dirt":2,"minecraft:crafting_table":1,"alexsmobs:animal_dictionary":1},"minecraft:killed":{"minecraft:sheep":2,"minecraft:pig":2,"minecraft:cow":2},"minecraft:killed_by":{"undead_revamp2:thebeartamer":1},"minecraft:mined":{"minecraft:dirt":14,"minecraft:spruce_log":10,"minecraft:powder_snow":19,"minecraft:crafting_table":1},"minecraft:crafted":{"minecraft:crafting_table":1,"minecraft:spruce_planks":40,"minecraft:stick":4,"minecraft:wooden_axe":1}},"DataVersion":3465}