{"stats":{"minecraft:custom":{"minecraft:time_since_rest":12438,"minecraft:interact_with_furnace":15,"minecraft:sprint_one_cm":48370,"minecraft:damage_taken":250,"minecraft:walk_one_cm":33166,"minecraft:mob_kills":7,"minecraft:damage_dealt":865,"minecraft:interact_with_crafting_table":9,"minecraft:fly_one_cm":258468,"minecraft:open_chest":1,"minecraft:crouch_one_cm":173,"minecraft:play_time":43571,"tombstone:undead_killed":1,"minecraft:deaths":1,"minecraft:sneak_time":103,"minecraft:jump":486,"minecraft:leave_game":2,"minecraft:time_since_death":12568,"minecraft:total_world_time":43571,"minecraft:fall_one_cm":19374},"minecraft:picked_up":{"undead_revamp2:bostroxset_boots":1,"undead_revamp2:bostroxingot":1,"minecraft:crafting_table":4,"minecraft:leather":1,"minecraft:porkchop":4,"minecraft:spruce_sapling":1,"minecraft:spruce_log":16,"minecraft:dark_oak_log":40,"minecraft:dirt":14,"minecraft:iron_ingot":5,"minecraft:beef":3,"minecraft:gold_ingot":5,"minecraft:mutton":4,"minecraft:white_wool":2,"minecraft:cobblestone":32,"minecraft:furnace":1},"minecraft:used":{"minecraft:wooden_axe":51,"minecraft:wooden_pickaxe":33,"minecraft:stone_axe":8,"minecraft:dirt":4,"minecraft:crafting_table":4,"minecraft:furnace":1,"tombstone:gift":1,"alexsmobs:animal_dictionary":1,"minecraft:cooked_beef":1},"minecraft:killed":{"minecraft:sheep":2,"undead_revamp2:slaveman":1,"minecraft:pig":2,"minecraft:cow":2},"minecraft:killed_by":{"undead_revamp2:thebeartamer":1},"minecraft:mined":{"minecraft:furnace":1,"minecraft:dark_oak_log":23,"minecraft:spruce_log":17,"minecraft:powder_snow":19,"minecraft:crafting_table":4,"minecraft:grass":1,"minecraft:dirt":14,"minecraft:spruce_leaves":1,"minecraft:stone":32,"minecraft:oak_leaves":1},"minecraft:crafted":{"minecraft:cooked_beef":3,"minecraft:charcoal":10,"minecraft:cooked_porkchop":4,"minecraft:shield":1,"minecraft:crafting_table":1,"minecraft:spruce_planks":40,"minecraft:stick":8,"minecraft:wooden_pickaxe":1,"minecraft:stone_pickaxe":1,"minecraft:wooden_axe":1,"minecraft:furnace":1,"minecraft:stone_axe":1,"minecraft:cooked_mutton":4,"minecraft:air":0},"minecraft:broken":{"minecraft:wooden_axe":1}},"DataVersion":3465}