{"stats":{"minecraft:custom":{"minecraft:interact_with_furnace":49,"minecraft:mob_kills":20,"minecraft:interact_with_crafting_table":23,"minecraft:leave_game":4,"minecraft:time_since_death":9356,"minecraft:sleep_in_bed":1,"minecraft:climb_one_cm":6095,"minecraft:time_since_rest":8087,"minecraft:sprint_one_cm":129073,"minecraft:damage_taken":1045,"minecraft:walk_one_cm":128563,"minecraft:damage_blocked_by_shield":465,"minecraft:drop":28,"minecraft:damage_dealt":2566,"minecraft:swim_one_cm":41433,"minecraft:talked_to_villager":1,"minecraft:fly_one_cm":313351,"minecraft:open_chest":11,"minecraft:crouch_one_cm":1755,"minecraft:play_time":87540,"tombstone:undead_killed":3,"minecraft:deaths":2,"minecraft:sneak_time":1490,"minecraft:walk_under_water_one_cm":3208,"minecraft:jump":939,"minecraft:walk_on_water_one_cm":7558,"minecraft:total_world_time":87540,"minecraft:fall_one_cm":26872},"minecraft:picked_up":{"iceandfire:silver_axe":4,"undead_revamp2:bostroxset_boots":1,"undead_revamp2:bostroxingot":1,"minecraft:crafting_table":4,"minecraft:wheat":37,"minecraft:leather":1,"minecraft:oak_log":1,"supplementaries:flax_seeds":2,"minecraft:lapis_lazuli":56,"minecraft:dirt":16,"minecraft:string":18,"minecraft:iron_leggings":1,"minecraft:tnt_minecart":1,"minecraft:wheat_seeds":91,"minecraft:gold_nugget":54,"minecraft:spruce_planks":2,"minecraft:iron_ingot":21,"minecraft:beef":3,"minecraft:pitcher_pod":4,"minecraft:furnace":2,"minecraft:stick":3,"minecraft:raw_iron":12,"iceandfire:copper_nugget":10,"minecraft:torch":9,"minecraft:gravel":3,"minecraft:spruce_fence":1,"minecraft:porkchop":8,"minecraft:spruce_sapling":2,"minecraft:white_bed":1,"minecraft:spruce_log":16,"minecraft:dark_oak_log":40,"minecraft:spider_eye":5,"minecraft:mossy_cobblestone":6,"minecraft:pumpkin_seeds":2,"minecraft:rotten_flesh":2,"minecraft:diamond":3,"minecraft:chainmail_leggings":1,"minecraft:gold_ingot":5,"minecraft:emerald":5,"minecraft:white_wool":2,"minecraft:mutton":4,"iceandfire:silver_nugget":28,"minecraft:coal":62,"minecraft:rail":1,"iceandfire:raw_silver":17,"minecraft:cobblestone":76},"minecraft:used":{"minecraft:stone_sword":44,"minecraft:stone_pickaxe":132,"minecraft:wooden_pickaxe":59,"minecraft:shield":6,"endrem:lost_eye":1,"minecraft:torch":37,"minecraft:mossy_cobblestone":1,"minecraft:dirt":16,"minecraft:crafting_table":5,"minecraft:white_bed":1,"iceandfire:silver_axe":4,"tombstone:bag_of_seeds":2,"minecraft:wooden_axe":51,"minecraft:bread":11,"minecraft:iron_pickaxe":18,"minecraft:stone_axe":14,"minecraft:cobblestone":2,"minecraft:furnace":2,"tombstone:gift":1,"alexsmobs:animal_dictionary":1,"minecraft:cooked_beef":3,"minecraft:cobweb":1},"minecraft:killed":{"minecraft:cave_spider":6,"minecraft:pig":4,"enemyexpansion:invisicreeper":1,"minecraft:sheep":2,"undead_revamp2:slaveman":1,"minecraft:zombie":2,"minecraft:cow":2},"minecraft:dropped":{"minecraft:gravel":3,"minecraft:iron_ingot":16,"minecraft:wheat_seeds":91,"minecraft:oak_log":1,"iceandfire:silver_axe":2,"minecraft:wheat":4,"minecraft:pitcher_pod":4,"minecraft:spruce_fence":1,"minecraft:pumpkin_seeds":2,"minecraft:rail":1,"minecraft:stick":3,"supplementaries:flax_seeds":2,"iceandfire:copper_nugget":10,"minecraft:tnt_minecart":1,"tombstone:grave_dust":1,"minecraft:iron_leggings":1,"minecraft:spruce_sapling":2},"minecraft:killed_by":{"minecraft:cave_spider":1,"undead_revamp2:thebeartamer":1},"minecraft:mined":{"minecraft:white_bed":1,"iceandfire:silver_ore":17,"minecraft:mossy_cobblestone":9,"minecraft:deepslate_diamond_ore":3,"luminousworld:grassvariant_4":2,"iceandfire:copper_pile":1,"minecraft:dark_oak_log":23,"minecraft:powder_snow":19,"minecraft:crafting_table":4,"minecraft:torch":3,"minecraft:cobblestone":23,"minecraft:lapis_ore":11,"minecraft:spruce_leaves":18,"minecraft:wall_torch":4,"minecraft:spawner":1,"supplementaries:urn":2,"minecraft:furnace":2,"minecraft:iron_ore":4,"minecraft:wheat":36,"minecraft:fire":6,"minecraft:spruce_log":17,"minecraft:grass":1,"minecraft:oak_log":1,"minecraft:coal_ore":63,"iceandfire:silver_pile":8,"minecraft:vine":2,"iceandfire:gold_pile":9,"minecraft:gravel":2,"minecraft:dirt":16,"luminousworld:grassvariant_3":1,"minecraft:cobweb":16,"minecraft:stone":53,"minecraft:deepslate":2,"minecraft:oak_leaves":3},"minecraft:crafted":{"minecraft:cooked_beef":3,"minecraft:cooked_porkchop":8,"iceandfire:silver_ingot":17,"minecraft:crafting_table":1,"minecraft:spruce_planks":40,"minecraft:wooden_pickaxe":1,"minecraft:furnace":1,"minecraft:stone_axe":1,"minecraft:bread":11,"minecraft:cooked_mutton":4,"minecraft:air":0,"iceandfire:armor_silver_metal_chestplate":1,"iceandfire:armor_silver_metal_helmet":1,"minecraft:charcoal":10,"minecraft:shield":1,"minecraft:stick":16,"minecraft:iron_pickaxe":1,"minecraft:iron_ingot":12,"minecraft:stone_pickaxe":1,"minecraft:wooden_axe":1,"minecraft:stone_sword":1,"iceandfire:armor_silver_metal_boots":1,"minecraft:torch":20},"minecraft:broken":{"minecraft:wooden_axe":1,"minecraft:wooden_pickaxe":1,"minecraft:stone_pickaxe":1}},"DataVersion":3465}