{"stats":{"minecraft:dropped":{"minecraft:iron_ingot":16,"minecraft:wheat_seeds":93,"minecraft:oak_log":1,"iceandfire:silver_axe":2,"minecraft:mossy_cobblestone":10,"minecraft:pitcher_pod":4,"minecraft:lantern":1,"minecraft:leather":2,"minecraft:rail":1,"minecraft:stick":3,"sophisticatedbackpacks:gold_backpack":1,"iceandfire:copper_nugget":10,"minecraft:tnt_minecart":1,"tombstone:grave_dust":1,"minecraft:iron_leggings":1,"minecraft:spruce_sapling":5,"minecraft:gravel":3,"minecraft:wheat":4,"minecraft:rotten_flesh":2,"sophisticatedbackpacks:backpack":1,"minecraft:spruce_fence":3,"minecraft:pumpkin_seeds":3,"supplementaries:flax_seeds":2,"iceandfire:silver_ingot":1},"minecraft:broken":{"minecraft:wooden_pickaxe":1,"minecraft:stone_pickaxe":2,"minecraft:wooden_axe":1},"minecraft:killed_by":{"minecraft:cave_spider":1,"iceandfire:ghost":1,"undead_revamp2:thebeartamer":1},"minecraft:killed":{"minecraft:cave_spider":6,"enemyexpansion:invisicreeper":1,"enemyexpansion:direwolf":1,"enemyexpansion:faller":1,"minecraft:pig":4,"minecraft:creeper":1,"born_in_chaos_v1:decrepit_skeleton":1,"minecraft:sheep":2,"undead_revamp2:slaveman":1,"minecraft:zombie":2,"iceandfire:ghost":1,"born_in_chaos_v1:dread_hound":1,"minecraft:cow":9},"minecraft:custom":{"minecraft:mob_kills":33,"minecraft:interact_with_crafting_table":29,"minecraft:open_barrel":1,"minecraft:leave_game":7,"minecraft:time_since_death":14282,"minecraft:climb_one_cm":27996,"minecraft:sprint_one_cm":390643,"minecraft:walk_one_cm":307494,"minecraft:damage_blocked_by_shield":465,"minecraft:drop":42,"minecraft:talked_to_villager":1,"minecraft:play_time":135597,"minecraft:deaths":3,"minecraft:sneak_time":2465,"minecraft:walk_under_water_one_cm":5616,"minecraft:jump":2513,"minecraft:walk_on_water_one_cm":21374,"minecraft:total_world_time":135597,"minecraft:interact_with_furnace":72,"minecraft:interact_with_loom":4,"minecraft:sleep_in_bed":1,"minecraft:time_since_rest":12671,"minecraft:damage_taken":1823,"minecraft:trigger_trapped_chest":4,"minecraft:damage_dealt":4436,"minecraft:swim_one_cm":62538,"minecraft:fly_one_cm":799657,"minecraft:open_chest":25,"minecraft:crouch_one_cm":2994,"tombstone:undead_killed":5,"minecraft:fall_one_cm":66497},"minecraft:crafted":{"minecraft:furnace":1,"minecraft:cooked_mutton":4,"iceandfire:armor_silver_metal_chestplate":1,"minecraft:stone_pickaxe":2,"iceandfire:armor_silver_metal_boots":1,"minecraft:stone_hoe":1,"sophisticatedbackpacks:iron_backpack":1,"minecraft:cooked_beef":3,"iceandfire:silver_ingot":20,"minecraft:cooked_porkchop":8,"minecraft:crafting_table":2,"minecraft:spruce_planks":40,"minecraft:wooden_pickaxe":1,"sophisticatedbackpacks:gold_backpack":1,"minecraft:bucket":1,"minecraft:stone_axe":1,"minecraft:bread":11,"minecraft:air":0,"iceandfire:armor_silver_metal_helmet":1,"minecraft:charcoal":10,"minecraft:shield":1,"minecraft:stick":40,"minecraft:iron_ingot":35,"minecraft:iron_pickaxe":1,"minecraft:wooden_axe":1,"minecraft:stone_sword":1,"minecraft:gold_ingot":30,"minecraft:torch":76},"minecraft:used":{"minecraft:stone_sword":66,"minecraft:shield":6,"minecraft:stone_hoe":63,"endrem:lost_eye":1,"minecraft:torch":96,"minecraft:dirt":16,"minecraft:wooden_axe":51,"minecraft:furnace":3,"tombstone:gift":1,"minecraft:cooked_beef":3,"minecraft:cooked_mutton":4,"minecraft:water_bucket":1,"minecraft:stone_pickaxe":263,"minecraft:wooden_pickaxe":59,"minecraft:mossy_cobblestone":1,"minecraft:crafting_table":8,"minecraft:white_bed":1,"iceandfire:silver_axe":38,"tombstone:bag_of_seeds":2,"minecraft:iron_pickaxe":92,"minecraft:bread":29,"minecraft:stone_axe":14,"minecraft:cobblestone":77,"minecraft:bucket":2,"alexsmobs:animal_dictionary":1,"minecraft:cobweb":1},"minecraft:mined":{"alexscaves:spelunkery_table":1,"minecraft:large_amethyst_bud":1,"minecraft:white_bed":2,"iceandfire:silver_ore":18,"minecraft:mossy_cobblestone":9,"luminousworld:grassvariant_4":2,"minecraft:deepslate_diamond_ore":5,"iceandfire:copper_pile":1,"minecraft:dark_oak_log":23,"minecraft:spruce_leaves":36,"minecraft:spawner":1,"minecraft:hay_block":63,"minecraft:furnace":4,"minecraft:iron_ore":24,"minecraft:fire":6,"iceandfire:gold_pile":15,"minecraft:deepslate_iron_ore":3,"minecraft:vine":3,"minecraft:stone":54,"minecraft:powder_snow":19,"minecraft:crafting_table":7,"minecraft:torch":5,"minecraft:emerald_ore":1,"minecraft:cobblestone":64,"minecraft:lapis_ore":13,"minecraft:deepslate_gold_ore":11,"minecraft:wall_torch":9,"supplementaries:urn":2,"minecraft:wheat":36,"minecraft:spruce_log":17,"minecraft:grass":4,"iceandfire:silver_pile":14,"minecraft:oak_log":1,"minecraft:coal_ore":146,"minecraft:gravel":2,"minecraft:dirt":16,"luminousworld:grassvariant_3":1,"minecraft:cobweb":16,"minecraft:stone_bricks":2,"minecraft:gold_ore":13,"minecraft:oak_leaves":4,"minecraft:deepslate":11},"minecraft:picked_up":{"minecraft:charcoal":5,"sophisticatedbackpacks:gold_backpack":1,"undead_revamp2:bostroxingot":1,"minecraft:wheat":37,"minecraft:crafting_table":7,"minecraft:string":18,"minecraft:iron_leggings":1,"minecraft:tnt_minecart":1,"minecraft:gold_nugget":90,"minecraft:cobbled_deepslate":11,"minecraft:spruce_planks":5,"minecraft:beef":23,"minecraft:sugar_cane":2,"minecraft:furnace":4,"minecraft:stick":3,"minecraft:raw_iron":35,"minecraft:torch":18,"minecraft:spruce_fence":3,"sophisticatedbackpacks:backpack":1,"minecraft:porkchop":8,"iceandfire:silver_ingot":1,"minecraft:rotten_flesh":2,"minecraft:hay_block":63,"alexscaves:spelunkery_table":1,"minecraft:gold_ingot":5,"minecraft:mutton":4,"minecraft:cobblestone":118,"minecraft:rail":1,"minecraft:white_wool":2,"undead_revamp2:bostroxset_boots":1,"iceandfire:silver_axe":4,"born_in_chaos_v1:monster_flesh":1,"minecraft:leather":12,"minecraft:oak_log":7,"supplementaries:flax_seeds":2,"minecraft:gunpowder":4,"minecraft:lapis_lazuli":56,"minecraft:dirt":16,"minecraft:lantern":1,"minecraft:bone":2,"minecraft:wheat_seeds":93,"minecraft:raw_gold":24,"minecraft:iron_ingot":21,"minecraft:pitcher_pod":4,"iceandfire:copper_nugget":10,"minecraft:gravel":3,"minecraft:amethyst_shard":2,"minecraft:spruce_sapling":5,"minecraft:white_bed":2,"minecraft:spruce_log":16,"minecraft:dark_oak_log":40,"minecraft:spider_eye":5,"minecraft:mossy_cobblestone":11,"minecraft:pumpkin_seeds":3,"minecraft:diamond":5,"minecraft:chainmail_leggings":1,"minecraft:emerald":7,"minecraft:coal":205,"iceandfire:silver_nugget":48,"iceandfire:raw_silver":18}},"DataVersion":3465}