{"stats":{"minecraft:dropped":{"minecraft:wheat_seeds":2,"minecraft:diamond":1,"minecraft:dripstone_block":4,"minecraft:oak_fence":2,"minecraft:cobblestone":15,"minecraft:chest_minecart":1,"minecraft:cracked_stone_bricks":2,"born_in_chaos_v1:pieceofdarkmetal":1,"minecraft:golden_apple":1,"minecraft:dirt":4,"supplementaries:rope":24,"born_in_chaos_v1:river_mint":1,"minecraft:string":2,"minecraft:bone":2,"minecraft:gravel":5,"minecraft:cobbled_deepslate":64,"born_in_chaos_v1:ethereal_spirit":1,"minecraft:pointed_dripstone":3,"minecraft:rotten_flesh":2,"minecraft:diamond_shovel":1,"earthmobsmod:harder_flesh":2,"minecraft:pumpkin_seeds":4,"supplementaries:ash":1,"minecraft:mossy_stone_bricks":6,"minecraft:stone_bricks":2,"minecraft:powered_rail":1},"minecraft:broken":{"minecraft:diamond_helmet":1,"minecraft:shears":2,"minecraft:diamond_shovel":1,"minecraft:stone_axe":1,"minecraft:iron_pickaxe":1},"minecraft:killed_by":{"undead_revamp2:the_moonflower":1,"undead_revamp2:thehunter":2,"earthmobsmod:hyper_rabbit":1,"iceandfire:fire_dragon":10},"minecraft:killed":{"luminousworld:deer":1,"minecraft:cave_spider":5,"undead_revamp2:thehunter":4,"born_in_chaos_v1:skeleton_demoman":1,"minecraft:spider":2,"born_in_chaos_v1:zombie_bruiser":1,"creeperoverhaul:dripstone_creeper":1,"born_in_chaos_v1:maggot":4,"minecraft:skeleton":4,"minecraft:chicken":4,"undead_revamp2:thehorrors":1,"undead_revamp2:sucker":1,"undead_revamp2:thespitter":1,"artifacts:mimic":1,"earthmobsmod:bouldering_zombie":3,"born_in_chaos_v1:diamond_termite":5,"born_in_chaos_v1:baby_skeleton":1,"born_in_chaos_v1:swarmer":1,"undead_revamp2:the_moonflower":5,"enemyexpansion:sprinter":3,"minecraft:creeper":1,"born_in_chaos_v1:decrepit_skeleton":1,"minecraft:sheep":4,"minecraft:zombie":6,"born_in_chaos_v1:dark_vortex":1,"born_in_chaos_v1:corpse_fly":8,"enemyexpansion:botfly":7},"minecraft:custom":{"minecraft:interact_with_smithing_table":1,"minecraft:mob_kills":81,"minecraft:animals_bred":1,"minecraft:interact_with_crafting_table":34,"minecraft:open_barrel":11,"minecraft:bell_ring":6,"minecraft:eat_cake_slice":7,"minecraft:damage_dealt_resisted":16,"minecraft:leave_game":5,"minecraft:time_since_death":41556,"minecraft:climb_one_cm":7968,"minecraft:sprint_one_cm":541290,"minecraft:walk_one_cm":1016491,"minecraft:drop":40,"minecraft:damage_dealt_absorbed":8,"minecraft:talked_to_villager":18,"minecraft:play_time":193707,"minecraft:sneak_time":2273,"minecraft:deaths":14,"minecraft:walk_under_water_one_cm":6335,"minecraft:jump":5711,"minecraft:interact_with_blast_furnace":1,"minecraft:walk_on_water_one_cm":31590,"minecraft:total_world_time":193707,"minecraft:interact_with_furnace":1,"minecraft:traded_with_villager":13,"minecraft:interact_with_loom":4,"minecraft:sleep_in_bed":2,"minecraft:time_since_rest":18656,"minecraft:damage_taken":8944,"minecraft:damage_absorbed":80,"minecraft:damage_dealt":16242,"minecraft:swim_one_cm":10110,"minecraft:fly_one_cm":1117319,"minecraft:open_chest":104,"minecraft:crouch_one_cm":5873,"tombstone:undead_killed":33,"minecraft:fall_one_cm":169528},"minecraft:crafted":{"minecraft:cherry_planks":220,"minecraft:oak_planks":208,"minecraft:diamond_shovel":1,"vanillaplustools:iron_hammer":1,"minecraft:diamond_helmet":1,"minecraft:diamond_leggings":1,"minecraft:iron_axe":1,"minecraft:stone_pickaxe":1,"minecraft:diamond_boots":1,"minecraft:wheat":225,"minecraft:diamond_sword":1,"minecraft:emerald":13,"minecraft:diamond_axe":1,"minecraft:crafting_table":4,"minecraft:spruce_planks":12,"minecraft:birch_planks":4,"minecraft:stone_axe":1,"minecraft:bread":104,"minecraft:air":0,"minecraft:diamond_pickaxe":1,"minecraft:stick":468,"quark:oak_chest":13,"minecraft:iron_ingot":9,"minecraft:iron_pickaxe":10,"minecraft:iron_shovel":1,"minecraft:torch":16,"minecraft:shears":7,"minecraft:diamond_chestplate":1},"minecraft:used":{"minecraft:cherry_sapling":9,"minecraft:iron_shovel":10,"minecraft:spruce_planks":6,"minecraft:iron_sword":183,"minecraft:iron_chestplate":1,"minecraft:torch":71,"earthmobsmod:harder_flesh":1,"minecraft:dirt":461,"minecraft:tuff":1,"minecraft:lantern":2,"minecraft:iron_axe":59,"minecraft:iron_helmet":1,"minecraft:iron_boots":1,"minecraft:cherry_leaves":20,"alexscaves:spelunkery_table":1,"minecraft:gray_bed":1,"luminousworld:raw_venison":1,"tombstone:gift":1,"minecraft:cherry_log":83,"minecraft:cobbled_deepslate":138,"minecraft:pumpkin":4,"minecraft:iron_leggings":1,"minecraft:wheat_seeds":14,"minecraft:stone_pickaxe":5,"minecraft:oak_planks":7,"minecraft:copper_block":1,"minecraft:cherry_planks":4,"luminousworld:groundpebbles_1":2,"minecraft:diamond_axe":293,"minecraft:golden_apple":2,"minecraft:mossy_cobblestone":3,"minecraft:crafting_table":9,"minecraft:white_bed":1,"minecraft:shears":572,"minecraft:oak_log":1,"minecraft:diamond_pickaxe":454,"minecraft:diamond_shovel":1888,"minecraft:iron_pickaxe":416,"minecraft:bread":113,"minecraft:map":1,"minecraft:stone_button":1,"tombstone:magic_scroll":1,"iceandfire:ash":8,"minecraft:gravel":2,"minecraft:stone_axe":92,"minecraft:pink_petals":68,"minecraft:diamond_sword":282,"minecraft:cobblestone":181,"vanillaplustools:iron_hammer":136,"born_in_chaos_v1:river_mint":1,"minecraft:bucket":1,"quark:oak_chest":13,"alexsmobs:animal_dictionary":2,"minecraft:chest_minecart":1,"minecraft:stripped_cherry_log":1,"minecraft:oak_fence":1},"minecraft:mined":{"alexscaves:spelunkery_table":1,"luminousworld:groundpebbles_1":1,"minecraft:tuff":3,"minecraft:white_bed":1,"iceandfire:silver_ore":1,"minecraft:mossy_cobblestone":5,"luminousworld:grassvariant_4":5,"minecraft:deepslate_diamond_ore":40,"minecraft:cherry_log":167,"minecraft:stripped_cherry_log":1,"born_in_chaos_v1:infected_diamond_ore":2,"minecraft:granite":17,"minecraft:grass_block":851,"luminousworld:grassvariant_2":5,"minecraft:oxeye_daisy":1,"luminousworld:groundpebbles_3":1,"minecraft:hay_block":26,"minecraft:iron_ore":22,"minecraft:cobbled_deepslate":5,"minecraft:fire":20,"minecraft:andesite":4,"minecraft:pumpkin":9,"minecraft:deepslate_lapis_ore":8,"minecraft:bookshelf":50,"iceandfire:gold_pile":1,"minecraft:dirt_path":21,"minecraft:vine":7,"luminousworld:groundpebbles_2":1,"minecraft:stone":1380,"minecraft:iron_block":1,"minecraft:oak_slab":1,"minecraft:glass_pane":2,"minecraft:stone_brick_slab":1,"minecraft:dandelion":1,"minecraft:crafting_table":5,"minecraft:torch":6,"minecraft:copper_ore":2,"minecraft:tall_grass":20,"minecraft:cobblestone":16,"minecraft:deepslate_gold_ore":22,"minecraft:lapis_ore":7,"minecraft:oak_planks":18,"minecraft:diorite":13,"minecraft:wall_torch":2,"minecraft:pink_petals":79,"minecraft:birch_log":1,"minecraft:wheat":15,"minecraft:lilac":1,"minecraft:gray_bed":1,"minecraft:spruce_log":3,"iceandfire:ash":10,"minecraft:birch_leaves":2,"minecraft:copper_block":1,"minecraft:smooth_stone_slab":1,"minecraft:grass":40,"luminousworld:ishstone":16,"minecraft:oak_log":53,"minecraft:coal_ore":30,"minecraft:cherry_leaves":599,"minecraft:gravel":32,"minecraft:dripstone_block":3,"minecraft:dirt":963,"luminousworld:grassvariant_3":1,"minecraft:cobweb":4,"minecraft:cracked_stone_bricks":6,"minecraft:stonecutter":1,"minecraft:stone_bricks":3,"minecraft:mossy_stone_bricks":7,"minecraft:oak_leaves":3,"minecraft:deepslate":369},"minecraft:picked_up":{"minecraft:charcoal":4,"born_in_chaos_v1:diamond_termite_shard":4,"luminousworld:groundpebbles_1":7,"minecraft:crafting_table":5,"minecraft:iron_chestplate":1,"minecraft:wheat":90,"artifacts:night_vision_goggles":1,"minecraft:chicken":4,"born_in_chaos_v1:river_mint":2,"minecraft:redstone_lamp":1,"minecraft:chest_minecart":2,"minecraft:diamond_sword":4,"minecraft:stripped_cherry_log":1,"minecraft:cornflower":1,"minecraft:string":12,"minecraft:smooth_stone_slab":3,"minecraft:iron_shovel":1,"minecraft:cracked_stone_bricks":3,"minecraft:smooth_stone":1,"minecraft:gold_nugget":26,"minecraft:cobbled_deepslate":370,"minecraft:iron_pickaxe":2,"supplementaries:rope":36,"minecraft:raw_iron":22,"minecraft:oak_fence":4,"minecraft:torch":57,"minecraft:cherry_log":160,"minecraft:stone_button":9,"minecraft:pointed_dripstone":6,"tombstone:grave_dust":3,"born_in_chaos_v1:pieceofdarkmetal":2,"minecraft:arrow":2,"minecraft:rotten_flesh":39,"minecraft:hay_block":25,"alexscaves:spelunkery_table":1,"minecraft:iron_block":1,"minecraft:carved_pumpkin":1,"minecraft:brick_stairs":1,"supplementaries:ash":31,"friendsandfoes:waxed_oxidized_copper_button":1,"minecraft:glow_berries":5,"minecraft:mutton":7,"minecraft:rail":3,"minecraft:white_wool":2,"minecraft:cobblestone":1399,"minecraft:oxeye_daisy":1,"minecraft:pink_petals":985,"minecraft:birch_log":1,"born_in_chaos_v1:corpse_maggot":7,"minecraft:feather":2,"minecraft:cherry_leaves":349,"minecraft:andesite":4,"luminousworld:ishstone":16,"minecraft:leather":1,"minecraft:copper_block":1,"minecraft:flint":2,"minecraft:tuff":3,"minecraft:oak_log":53,"luminousworld:raw_venison":1,"minecraft:gunpowder":4,"minecraft:lapis_lazuli":96,"minecraft:dirt":1919,"minecraft:lantern":13,"minecraft:red_carpet":2,"minecraft:bone":6,"minecraft:stone_bricks":2,"minecraft:bow":2,"minecraft:stonecutter":1,"minecraft:wheat_seeds":181,"minecraft:raw_gold":22,"minecraft:iron_ingot":3,"minecraft:mossy_stone_bricks":11,"minecraft:gray_bed":1,"minecraft:powered_rail":1,"minecraft:iron_sword":1,"minecraft:oak_planks":22,"minecraft:book":150,"minecraft:oak_slab":1,"luminousworld:clovers_1":1,"minecraft:pumpkin":8,"born_in_chaos_v1:dark_rod":1,"born_in_chaos_v1:ethereal_spirit":1,"minecraft:stone_brick_slab":1,"iceandfire:ash":18,"minecraft:oak_pressure_plate":2,"minecraft:dripstone_block":4,"earthmobsmod:harder_flesh":5,"minecraft:gravel":29,"minecraft:white_bed":1,"minecraft:spruce_log":3,"minecraft:mossy_cobblestone":3,"minecraft:diamond_shovel":2,"minecraft:pumpkin_seeds":7,"minecraft:diamond":41,"minecraft:mossy_cobblestone_stairs":1,"minecraft:cherry_sapling":10,"minecraft:granite":7,"minecraft:golden_apple":1,"minecraft:emerald":2,"minecraft:bread":2,"alexsmobs:maggot":2,"tombstone:magic_scroll":1,"minecraft:black_wool":2,"iceandfire:silver_nugget":2,"minecraft:coal":30,"iceandfire:raw_silver":1}},"DataVersion":3465}