{"stats":{"minecraft:mined":{"luminousworld:groundpebbles_1":1,"minecraft:mossy_cobblestone":3,"luminousworld:grassvariant_4":5,"minecraft:birch_log":1,"minecraft:cherry_log":1,"minecraft:spruce_log":3,"minecraft:birch_leaves":2,"minecraft:pumpkin":9,"minecraft:crafting_table":1,"minecraft:grass":4,"minecraft:grass_block":2,"minecraft:oak_log":4,"minecraft:dirt":2,"luminousworld:grassvariant_2":3,"minecraft:tall_grass":3,"minecraft:oak_leaves":2},"minecraft:crafted":{"minecraft:crafting_table":1,"minecraft:spruce_planks":12,"minecraft:stick":4,"minecraft:stone_pickaxe":1,"minecraft:stone_axe":1},"minecraft:picked_up":{"minecraft:birch_log":1,"luminousworld:groundpebbles_1":2,"minecraft:feather":2,"minecraft:crafting_table":1,"luminousworld:clovers_1":1,"minecraft:chicken":4,"minecraft:pumpkin":8,"minecraft:oak_log":4,"luminousworld:raw_venison":1,"minecraft:spruce_log":3,"minecraft:mossy_cobblestone":3,"minecraft:dirt":21,"minecraft:wheat_seeds":1,"minecraft:emerald":1,"minecraft:black_wool":2,"minecraft:mutton":7,"minecraft:white_wool":2,"minecraft:cobblestone":8},"minecraft:killed":{"minecraft:sheep":4,"luminousworld:deer":1,"minecraft:chicken":4},"minecraft:dropped":{"minecraft:wheat_seeds":1},"minecraft:used":{"minecraft:stone_pickaxe":4,"luminousworld:groundpebbles_1":2,"minecraft:stone_axe":52,"minecraft:mossy_cobblestone":3,"minecraft:dirt":3,"minecraft:crafting_table":1,"luminousworld:raw_venison":1,"tombstone:gift":1,"alexsmobs:animal_dictionary":2},"minecraft:killed_by":{"earthmobsmod:hyper_rabbit":1},"minecraft:custom":{"minecraft:time_since_rest":6527,"minecraft:sprint_one_cm":68522,"minecraft:damage_taken":285,"minecraft:walk_one_cm":95067,"minecraft:mob_kills":9,"minecraft:drop":1,"minecraft:damage_dealt":924,"minecraft:talked_to_villager":1,"minecraft:swim_one_cm":2826,"minecraft:damage_dealt_absorbed":8,"minecraft:interact_with_crafting_table":1,"minecraft:fly_one_cm":134936,"minecraft:open_chest":4,"minecraft:play_time":14836,"minecraft:deaths":1,"minecraft:sneak_time":2,"minecraft:walk_under_water_one_cm":4437,"minecraft:jump":717,"minecraft:damage_dealt_resisted":6,"minecraft:eat_cake_slice":7,"minecraft:leave_game":1,"minecraft:walk_on_water_one_cm":1534,"minecraft:time_since_death":7693,"minecraft:total_world_time":14836,"minecraft:fall_one_cm":22970}},"DataVersion":3465}