{"stats":{"minecraft:killed_by":{"undead_revamp2:thehunter":1,"earthmobsmod:hyper_rabbit":1},"minecraft:crafted":{"minecraft:oak_planks":184,"minecraft:crafting_table":2,"minecraft:spruce_planks":12,"minecraft:birch_planks":4,"minecraft:stone_axe":1,"minecraft:bread":43,"minecraft:iron_axe":1,"minecraft:stick":12,"quark:oak_chest":8,"minecraft:iron_ingot":9,"minecraft:iron_pickaxe":1,"minecraft:stone_pickaxe":1,"minecraft:iron_shovel":1,"minecraft:torch":8,"minecraft:wheat":45},"minecraft:custom":{"minecraft:mob_kills":20,"minecraft:animals_bred":1,"minecraft:interact_with_crafting_table":10,"minecraft:open_barrel":3,"minecraft:bell_ring":6,"minecraft:damage_dealt_resisted":6,"minecraft:eat_cake_slice":7,"minecraft:leave_game":2,"minecraft:time_since_death":20979,"minecraft:sleep_in_bed":1,"minecraft:climb_one_cm":4541,"minecraft:time_since_rest":8990,"minecraft:sprint_one_cm":161826,"minecraft:damage_taken":1324,"minecraft:walk_one_cm":252365,"minecraft:drop":1,"minecraft:damage_dealt":3476,"minecraft:damage_dealt_absorbed":8,"minecraft:swim_one_cm":2826,"minecraft:talked_to_villager":8,"minecraft:fly_one_cm":345538,"minecraft:open_chest":14,"minecraft:crouch_one_cm":1974,"minecraft:play_time":46781,"tombstone:undead_killed":6,"minecraft:deaths":2,"minecraft:sneak_time":643,"minecraft:walk_under_water_one_cm":4437,"minecraft:jump":1731,"minecraft:walk_on_water_one_cm":1764,"minecraft:total_world_time":46781,"minecraft:fall_one_cm":54813},"minecraft:mined":{"luminousworld:groundpebbles_1":1,"iceandfire:silver_ore":1,"minecraft:mossy_cobblestone":3,"luminousworld:grassvariant_4":5,"minecraft:cherry_log":1,"minecraft:stone_brick_slab":1,"minecraft:dandelion":1,"born_in_chaos_v1:infected_diamond_ore":2,"minecraft:crafting_table":2,"minecraft:granite":7,"minecraft:grass_block":6,"luminousworld:grassvariant_2":3,"minecraft:cobblestone":2,"minecraft:tall_grass":8,"minecraft:lapis_ore":4,"minecraft:oxeye_daisy":1,"minecraft:hay_block":26,"minecraft:iron_ore":20,"minecraft:birch_log":1,"minecraft:wheat":15,"minecraft:andesite":2,"minecraft:spruce_log":3,"minecraft:birch_leaves":2,"minecraft:pumpkin":9,"luminousworld:ishstone":13,"minecraft:grass":7,"minecraft:bookshelf":6,"minecraft:coal_ore":20,"minecraft:oak_log":47,"minecraft:dirt_path":3,"minecraft:dirt":18,"luminousworld:grassvariant_3":1,"minecraft:stone":168,"minecraft:iron_block":1,"minecraft:deepslate":1,"minecraft:oak_leaves":2},"minecraft:broken":{"minecraft:stone_axe":1,"minecraft:iron_pickaxe":1},"minecraft:killed":{"luminousworld:deer":1,"born_in_chaos_v1:diamond_termite":5,"undead_revamp2:the_moonflower":4,"minecraft:sheep":4,"minecraft:skeleton":1,"minecraft:zombie":1,"minecraft:chicken":4},"minecraft:picked_up":{"born_in_chaos_v1:diamond_termite_shard":4,"minecraft:birch_log":1,"luminousworld:groundpebbles_1":2,"minecraft:iron_chestplate":1,"minecraft:crafting_table":2,"minecraft:wheat":89,"minecraft:feather":2,"minecraft:chicken":4,"minecraft:andesite":2,"luminousworld:ishstone":13,"minecraft:oak_log":47,"luminousworld:raw_venison":1,"minecraft:lapis_lazuli":29,"minecraft:dirt":39,"minecraft:lantern":2,"minecraft:iron_shovel":1,"minecraft:bone":2,"minecraft:bow":1,"minecraft:wheat_seeds":159,"minecraft:cobbled_deepslate":1,"minecraft:iron_ingot":3,"minecraft:iron_pickaxe":1,"minecraft:iron_sword":1,"minecraft:book":18,"minecraft:raw_iron":20,"luminousworld:clovers_1":1,"minecraft:pumpkin":8,"minecraft:stone_brick_slab":1,"born_in_chaos_v1:pieceofdarkmetal":1,"minecraft:stone_button":1,"tombstone:grave_dust":1,"minecraft:spruce_log":3,"minecraft:mossy_cobblestone":3,"minecraft:rotten_flesh":10,"minecraft:granite":7,"minecraft:hay_block":25,"minecraft:iron_block":1,"minecraft:emerald":2,"iceandfire:raw_silver":1,"minecraft:mutton":7,"minecraft:black_wool":2,"minecraft:coal":20,"minecraft:cobblestone":178,"minecraft:white_wool":2,"minecraft:oxeye_daisy":1},"minecraft:used":{"minecraft:wheat_seeds":14,"minecraft:iron_shovel":10,"minecraft:stone_pickaxe":5,"minecraft:oak_planks":6,"minecraft:spruce_planks":6,"minecraft:iron_sword":113,"luminousworld:groundpebbles_1":2,"minecraft:iron_chestplate":1,"minecraft:torch":2,"minecraft:mossy_cobblestone":3,"minecraft:dirt":24,"minecraft:crafting_table":4,"minecraft:oak_log":1,"minecraft:lantern":2,"minecraft:iron_axe":19,"minecraft:bread":17,"minecraft:stone_button":1,"minecraft:iron_pickaxe":257,"minecraft:map":1,"minecraft:iron_helmet":1,"minecraft:iron_boots":1,"minecraft:stone_axe":92,"minecraft:cobblestone":68,"luminousworld:raw_venison":1,"minecraft:bucket":1,"tombstone:gift":1,"quark:oak_chest":8,"alexsmobs:animal_dictionary":2,"minecraft:pumpkin":4,"minecraft:iron_leggings":1},"minecraft:dropped":{"minecraft:wheat_seeds":1}},"DataVersion":3465}