{"stats":{"minecraft:killed_by":{"undead_revamp2:thehunter":1,"earthmobsmod:hyper_rabbit":1},"minecraft:crafted":{"minecraft:oak_planks":136,"minecraft:crafting_table":2,"minecraft:spruce_planks":12,"minecraft:birch_planks":4,"minecraft:stone_axe":1,"minecraft:bread":43,"minecraft:iron_axe":1,"minecraft:stick":12,"quark:oak_chest":2,"minecraft:iron_ingot":9,"minecraft:iron_pickaxe":1,"minecraft:stone_pickaxe":1,"minecraft:wheat":45},"minecraft:custom":{"minecraft:mob_kills":11,"minecraft:animals_bred":1,"minecraft:interact_with_crafting_table":8,"minecraft:open_barrel":3,"minecraft:bell_ring":6,"minecraft:damage_dealt_resisted":6,"minecraft:eat_cake_slice":7,"minecraft:leave_game":2,"minecraft:time_since_death":8979,"minecraft:climb_one_cm":4219,"minecraft:time_since_rest":8930,"minecraft:sprint_one_cm":144307,"minecraft:damage_taken":980,"minecraft:walk_one_cm":213688,"minecraft:drop":1,"minecraft:damage_dealt":2113,"minecraft:damage_dealt_absorbed":8,"minecraft:swim_one_cm":2826,"minecraft:talked_to_villager":8,"minecraft:fly_one_cm":301227,"minecraft:open_chest":9,"minecraft:crouch_one_cm":1412,"minecraft:play_time":34781,"tombstone:undead_killed":2,"minecraft:deaths":2,"minecraft:sneak_time":470,"minecraft:walk_under_water_one_cm":4437,"minecraft:jump":1505,"minecraft:walk_on_water_one_cm":1764,"minecraft:total_world_time":34781,"minecraft:fall_one_cm":48766},"minecraft:mined":{"luminousworld:groundpebbles_1":1,"minecraft:mossy_cobblestone":3,"luminousworld:grassvariant_4":5,"minecraft:cherry_log":1,"minecraft:stone_brick_slab":1,"minecraft:crafting_table":2,"minecraft:grass_block":4,"luminousworld:grassvariant_2":3,"minecraft:tall_grass":8,"minecraft:hay_block":26,"minecraft:birch_log":1,"minecraft:wheat":15,"minecraft:spruce_log":3,"minecraft:birch_leaves":2,"minecraft:pumpkin":9,"minecraft:grass":7,"minecraft:bookshelf":6,"minecraft:oak_log":47,"minecraft:dirt":7,"luminousworld:grassvariant_3":1,"minecraft:stone":40,"minecraft:iron_block":1,"minecraft:oak_leaves":2},"minecraft:broken":{"minecraft:stone_axe":1},"minecraft:killed":{"luminousworld:deer":1,"undead_revamp2:the_moonflower":1,"minecraft:sheep":4,"minecraft:zombie":1,"minecraft:chicken":4},"minecraft:picked_up":{"minecraft:birch_log":1,"luminousworld:groundpebbles_1":2,"minecraft:iron_chestplate":1,"minecraft:crafting_table":2,"minecraft:wheat":89,"minecraft:feather":2,"minecraft:chicken":4,"minecraft:oak_log":47,"luminousworld:raw_venison":1,"minecraft:dirt":26,"minecraft:lantern":2,"minecraft:bow":1,"minecraft:wheat_seeds":159,"minecraft:iron_ingot":3,"minecraft:iron_sword":1,"minecraft:book":18,"luminousworld:clovers_1":1,"minecraft:pumpkin":8,"minecraft:stone_brick_slab":1,"minecraft:stone_button":1,"tombstone:grave_dust":1,"minecraft:spruce_log":3,"minecraft:mossy_cobblestone":3,"minecraft:rotten_flesh":6,"minecraft:hay_block":25,"minecraft:iron_block":1,"minecraft:emerald":2,"minecraft:mutton":7,"minecraft:black_wool":2,"minecraft:cobblestone":48,"minecraft:white_wool":2},"minecraft:used":{"minecraft:wheat_seeds":14,"minecraft:stone_pickaxe":5,"minecraft:oak_planks":6,"minecraft:spruce_planks":6,"minecraft:iron_sword":47,"luminousworld:groundpebbles_1":2,"minecraft:iron_chestplate":1,"minecraft:mossy_cobblestone":3,"minecraft:dirt":24,"minecraft:crafting_table":4,"minecraft:oak_log":1,"minecraft:lantern":2,"minecraft:iron_axe":19,"minecraft:bread":13,"minecraft:stone_button":1,"minecraft:iron_pickaxe":50,"minecraft:map":1,"minecraft:iron_helmet":1,"minecraft:iron_boots":1,"minecraft:stone_axe":92,"minecraft:cobblestone":28,"luminousworld:raw_venison":1,"minecraft:bucket":1,"tombstone:gift":1,"quark:oak_chest":2,"alexsmobs:animal_dictionary":2,"minecraft:pumpkin":4,"minecraft:iron_leggings":1},"minecraft:dropped":{"minecraft:wheat_seeds":1}},"DataVersion":3465}