{"stats":{"minecraft:killed_by":{"undead_revamp2:thehunter":2,"earthmobsmod:hyper_rabbit":1},"minecraft:crafted":{"minecraft:cherry_planks":212,"minecraft:oak_planks":184,"minecraft:diamond_helmet":1,"minecraft:diamond_leggings":1,"minecraft:iron_axe":1,"minecraft:stone_pickaxe":1,"minecraft:diamond_boots":1,"minecraft:wheat":225,"minecraft:diamond_sword":1,"minecraft:emerald":13,"minecraft:diamond_axe":1,"minecraft:crafting_table":4,"minecraft:spruce_planks":12,"minecraft:birch_planks":4,"minecraft:stone_axe":1,"minecraft:bread":104,"minecraft:air":0,"minecraft:diamond_pickaxe":1,"minecraft:stick":444,"quark:oak_chest":11,"minecraft:iron_ingot":9,"minecraft:iron_pickaxe":1,"minecraft:iron_shovel":1,"minecraft:torch":16,"minecraft:diamond_chestplate":1},"minecraft:custom":{"minecraft:interact_with_smithing_table":1,"minecraft:mob_kills":49,"minecraft:animals_bred":1,"minecraft:interact_with_crafting_table":27,"minecraft:open_barrel":11,"minecraft:bell_ring":6,"minecraft:damage_dealt_resisted":6,"minecraft:eat_cake_slice":7,"minecraft:leave_game":2,"minecraft:time_since_death":12636,"minecraft:climb_one_cm":7968,"minecraft:sprint_one_cm":277016,"minecraft:walk_one_cm":602110,"minecraft:drop":34,"minecraft:damage_dealt_absorbed":8,"minecraft:talked_to_villager":14,"minecraft:play_time":112781,"minecraft:deaths":3,"minecraft:sneak_time":1647,"minecraft:walk_under_water_one_cm":4437,"minecraft:jump":3368,"minecraft:interact_with_blast_furnace":1,"minecraft:walk_on_water_one_cm":2341,"minecraft:total_world_time":112781,"minecraft:interact_with_furnace":1,"minecraft:traded_with_villager":13,"minecraft:interact_with_loom":3,"minecraft:sleep_in_bed":1,"minecraft:time_since_rest":11842,"minecraft:damage_taken":4123,"minecraft:damage_absorbed":80,"minecraft:damage_dealt":9673,"minecraft:swim_one_cm":2826,"minecraft:fly_one_cm":559621,"minecraft:open_chest":48,"minecraft:crouch_one_cm":4641,"tombstone:undead_killed":20,"minecraft:fall_one_cm":101378},"minecraft:mined":{"alexscaves:spelunkery_table":1,"luminousworld:groundpebbles_1":1,"minecraft:tuff":3,"iceandfire:silver_ore":1,"minecraft:mossy_cobblestone":5,"luminousworld:grassvariant_4":5,"minecraft:deepslate_diamond_ore":40,"minecraft:cherry_log":56,"minecraft:stripped_cherry_log":1,"born_in_chaos_v1:infected_diamond_ore":2,"minecraft:granite":17,"minecraft:grass_block":307,"luminousworld:grassvariant_2":3,"minecraft:oxeye_daisy":1,"luminousworld:groundpebbles_3":1,"minecraft:hay_block":26,"minecraft:iron_ore":20,"minecraft:fire":4,"minecraft:cobbled_deepslate":5,"minecraft:andesite":4,"minecraft:pumpkin":9,"minecraft:deepslate_lapis_ore":8,"minecraft:bookshelf":50,"minecraft:dirt_path":14,"minecraft:vine":7,"luminousworld:groundpebbles_2":1,"minecraft:stone":234,"minecraft:iron_block":1,"minecraft:oak_slab":1,"minecraft:glass_pane":2,"minecraft:stone_brick_slab":1,"minecraft:dandelion":1,"minecraft:crafting_table":5,"minecraft:copper_ore":2,"minecraft:tall_grass":13,"minecraft:cobblestone":10,"minecraft:lapis_ore":7,"minecraft:deepslate_gold_ore":22,"minecraft:oak_planks":18,"minecraft:diorite":13,"minecraft:wall_torch":2,"minecraft:pink_petals":35,"minecraft:birch_log":1,"minecraft:wheat":15,"minecraft:spruce_log":3,"minecraft:birch_leaves":2,"minecraft:smooth_stone_slab":1,"minecraft:copper_block":1,"minecraft:grass":23,"minecraft:oak_log":53,"minecraft:coal_ore":20,"luminousworld:ishstone":16,"minecraft:cherry_leaves":17,"minecraft:gravel":9,"minecraft:dripstone_block":3,"minecraft:dirt":380,"luminousworld:grassvariant_3":1,"minecraft:cobweb":3,"minecraft:cracked_stone_bricks":6,"minecraft:stonecutter":1,"minecraft:stone_bricks":3,"minecraft:mossy_stone_bricks":7,"minecraft:oak_leaves":2,"minecraft:deepslate":369},"minecraft:broken":{"minecraft:stone_axe":1,"minecraft:iron_pickaxe":1},"minecraft:killed":{"luminousworld:deer":1,"minecraft:cave_spider":5,"undead_revamp2:thehunter":3,"minecraft:spider":1,"creeperoverhaul:dripstone_creeper":1,"born_in_chaos_v1:maggot":1,"minecraft:skeleton":2,"minecraft:chicken":4,"undead_revamp2:thehorrors":1,"undead_revamp2:sucker":1,"artifacts:mimic":1,"earthmobsmod:bouldering_zombie":2,"born_in_chaos_v1:diamond_termite":5,"undead_revamp2:the_moonflower":5,"enemyexpansion:sprinter":2,"born_in_chaos_v1:decrepit_skeleton":1,"minecraft:sheep":4,"minecraft:zombie":3,"born_in_chaos_v1:corpse_fly":1,"enemyexpansion:botfly":3},"minecraft:picked_up":{"minecraft:crafting_table":5,"luminousworld:groundpebbles_1":6,"minecraft:iron_chestplate":1,"born_in_chaos_v1:diamond_termite_shard":4,"minecraft:wheat":89,"artifacts:night_vision_goggles":1,"minecraft:chicken":4,"minecraft:chest_minecart":2,"minecraft:diamond_sword":3,"minecraft:stripped_cherry_log":1,"minecraft:string":11,"minecraft:smooth_stone_slab":1,"minecraft:iron_shovel":1,"minecraft:cracked_stone_bricks":3,"minecraft:cobbled_deepslate":370,"minecraft:iron_pickaxe":2,"supplementaries:rope":36,"minecraft:raw_iron":20,"minecraft:oak_fence":2,"minecraft:torch":39,"minecraft:cherry_log":53,"minecraft:pointed_dripstone":6,"minecraft:stone_button":1,"tombstone:grave_dust":2,"born_in_chaos_v1:pieceofdarkmetal":2,"minecraft:rotten_flesh":24,"minecraft:hay_block":25,"alexscaves:spelunkery_table":1,"minecraft:iron_block":1,"supplementaries:ash":2,"minecraft:glow_berries":5,"minecraft:mutton":7,"minecraft:rail":3,"minecraft:white_wool":2,"minecraft:cobblestone":252,"minecraft:oxeye_daisy":1,"born_in_chaos_v1:corpse_maggot":2,"minecraft:pink_petals":392,"minecraft:birch_log":1,"minecraft:feather":2,"minecraft:andesite":4,"luminousworld:ishstone":16,"minecraft:copper_block":1,"minecraft:flint":1,"minecraft:tuff":3,"minecraft:oak_log":51,"luminousworld:raw_venison":1,"minecraft:lapis_lazuli":96,"minecraft:dirt":763,"minecraft:lantern":12,"minecraft:red_carpet":2,"minecraft:bone":5,"minecraft:stone_bricks":2,"minecraft:stonecutter":1,"minecraft:bow":1,"minecraft:wheat_seeds":165,"minecraft:raw_gold":22,"minecraft:iron_ingot":3,"minecraft:mossy_stone_bricks":11,"minecraft:powered_rail":1,"minecraft:iron_sword":1,"minecraft:oak_planks":21,"minecraft:book":150,"minecraft:oak_slab":1,"luminousworld:clovers_1":1,"minecraft:pumpkin":8,"minecraft:stone_brick_slab":1,"earthmobsmod:harder_flesh":5,"minecraft:gravel":7,"minecraft:dripstone_block":4,"minecraft:spruce_log":3,"minecraft:mossy_cobblestone":3,"minecraft:diamond_shovel":2,"minecraft:pumpkin_seeds":7,"minecraft:diamond":41,"minecraft:granite":7,"minecraft:golden_apple":1,"minecraft:bread":2,"minecraft:emerald":2,"minecraft:black_wool":2,"minecraft:coal":20,"iceandfire:raw_silver":1},"minecraft:used":{"minecraft:iron_shovel":10,"minecraft:spruce_planks":6,"minecraft:iron_sword":183,"minecraft:iron_chestplate":1,"minecraft:torch":36,"earthmobsmod:harder_flesh":1,"minecraft:dirt":229,"minecraft:tuff":1,"minecraft:lantern":2,"minecraft:iron_axe":59,"minecraft:iron_helmet":1,"minecraft:iron_boots":1,"alexscaves:spelunkery_table":1,"luminousworld:raw_venison":1,"tombstone:gift":1,"minecraft:cobbled_deepslate":138,"minecraft:pumpkin":4,"minecraft:iron_leggings":1,"minecraft:wheat_seeds":14,"minecraft:stone_pickaxe":5,"minecraft:oak_planks":6,"minecraft:copper_block":1,"luminousworld:groundpebbles_1":2,"minecraft:diamond_axe":115,"minecraft:golden_apple":2,"minecraft:mossy_cobblestone":3,"minecraft:crafting_table":9,"minecraft:oak_log":1,"minecraft:diamond_pickaxe":447,"minecraft:diamond_shovel":703,"minecraft:map":1,"minecraft:bread":66,"minecraft:iron_pickaxe":412,"minecraft:stone_button":1,"minecraft:gravel":2,"minecraft:pink_petals":64,"minecraft:stone_axe":92,"minecraft:diamond_sword":77,"minecraft:cobblestone":173,"minecraft:bucket":1,"minecraft:chest_minecart":1,"quark:oak_chest":11,"alexsmobs:animal_dictionary":2},"minecraft:dropped":{"minecraft:wheat_seeds":1,"minecraft:diamond":1,"minecraft:dripstone_block":4,"minecraft:oak_fence":2,"minecraft:cobblestone":15,"minecraft:chest_minecart":1,"minecraft:cracked_stone_bricks":2,"born_in_chaos_v1:pieceofdarkmetal":1,"minecraft:golden_apple":1,"supplementaries:rope":24,"minecraft:string":2,"minecraft:bone":2,"minecraft:gravel":5,"minecraft:cobbled_deepslate":64,"minecraft:pointed_dripstone":3,"minecraft:rotten_flesh":1,"minecraft:diamond_shovel":1,"earthmobsmod:harder_flesh":2,"minecraft:pumpkin_seeds":4,"minecraft:mossy_stone_bricks":6,"minecraft:stone_bricks":2,"minecraft:powered_rail":1}},"DataVersion":3465}