{"stats":{"minecraft:mined":{"minecraft:spruce_log":3},"minecraft:picked_up":{"minecraft:spruce_log":3},"minecraft:custom":{"minecraft:jump":43,"minecraft:time_since_rest":1995,"minecraft:damage_dealt":95,"minecraft:damage_taken":30,"minecraft:sprint_one_cm":10164,"minecraft:play_time":1995,"minecraft:time_since_death":1995,"minecraft:walk_one_cm":3599,"minecraft:total_world_time":1995,"minecraft:fall_one_cm":2477,"minecraft:fly_one_cm":15554},"minecraft:crafted":{"minecraft:spruce_planks":12}},"DataVersion":3465}