{"stats":{"minecraft:used":{"minecraft:stone_axe":29,"minecraft:dirt":1,"minecraft:crafting_table":1,"alexsmobs:animal_dictionary":2,"tombstone:gift":1},"minecraft:killed":{"luminousworld:deer":1},"minecraft:mined":{"luminousworld:grassvariant_4":2,"minecraft:cherry_log":1,"minecraft:spruce_log":3,"minecraft:birch_leaves":1,"minecraft:pumpkin":9,"minecraft:crafting_table":1,"minecraft:grass":3,"luminousworld:grassvariant_2":3,"minecraft:tall_grass":3},"minecraft:killed_by":{"earthmobsmod:hyper_rabbit":1},"minecraft:picked_up":{"minecraft:crafting_table":1,"luminousworld:clovers_1":1,"minecraft:pumpkin":8,"luminousworld:raw_venison":1,"minecraft:spruce_log":3,"minecraft:dirt":17,"minecraft:wheat_seeds":1,"minecraft:cobblestone":8},"minecraft:dropped":{"minecraft:wheat_seeds":1},"minecraft:custom":{"minecraft:time_since_rest":1008,"minecraft:walk_one_cm":57923,"minecraft:sprint_one_cm":41969,"minecraft:damage_taken":265,"minecraft:mob_kills":1,"minecraft:drop":1,"minecraft:damage_dealt":445,"minecraft:damage_dealt_absorbed":8,"minecraft:interact_with_crafting_table":1,"minecraft:fly_one_cm":89180,"minecraft:play_time":9317,"minecraft:deaths":1,"minecraft:walk_under_water_one_cm":3917,"minecraft:jump":454,"minecraft:damage_dealt_resisted":6,"minecraft:leave_game":1,"minecraft:time_since_death":2174,"minecraft:walk_on_water_one_cm":926,"minecraft:total_world_time":9317,"minecraft:fall_one_cm":15199},"minecraft:crafted":{"minecraft:crafting_table":1,"minecraft:spruce_planks":12,"minecraft:stick":4,"minecraft:stone_pickaxe":1,"minecraft:stone_axe":1}},"DataVersion":3465}