{"stats":{"minecraft:mined":{"luminousworld:groundpebbles_1":1,"minecraft:mossy_cobblestone":3,"luminousworld:grassvariant_4":5,"minecraft:cherry_log":1,"minecraft:crafting_table":2,"minecraft:grass_block":2,"luminousworld:grassvariant_2":3,"minecraft:tall_grass":8,"minecraft:hay_block":26,"minecraft:birch_log":1,"minecraft:wheat":15,"minecraft:spruce_log":3,"minecraft:birch_leaves":2,"minecraft:pumpkin":9,"minecraft:grass":6,"minecraft:oak_log":34,"minecraft:dirt":7,"luminousworld:grassvariant_3":1,"minecraft:oak_leaves":2},"minecraft:crafted":{"minecraft:crafting_table":1,"minecraft:spruce_planks":12,"minecraft:birch_planks":4,"minecraft:stone_axe":1,"minecraft:bread":43,"minecraft:stick":12,"minecraft:stone_pickaxe":1,"minecraft:iron_pickaxe":1,"minecraft:wheat":45},"minecraft:picked_up":{"minecraft:birch_log":1,"luminousworld:groundpebbles_1":2,"minecraft:crafting_table":2,"minecraft:wheat":89,"minecraft:feather":2,"minecraft:chicken":4,"minecraft:oak_log":34,"luminousworld:raw_venison":1,"minecraft:dirt":24,"minecraft:bow":1,"minecraft:wheat_seeds":159,"minecraft:iron_ingot":3,"luminousworld:clovers_1":1,"minecraft:pumpkin":8,"minecraft:stone_button":1,"tombstone:grave_dust":1,"minecraft:spruce_log":3,"minecraft:mossy_cobblestone":3,"minecraft:rotten_flesh":2,"minecraft:hay_block":25,"minecraft:emerald":1,"minecraft:black_wool":2,"minecraft:mutton":7,"minecraft:white_wool":2,"minecraft:cobblestone":8},"minecraft:killed":{"luminousworld:deer":1,"minecraft:sheep":4,"minecraft:zombie":1,"minecraft:chicken":4},"minecraft:broken":{"minecraft:stone_axe":1},"minecraft:dropped":{"minecraft:wheat_seeds":1},"minecraft:used":{"minecraft:wheat_seeds":14,"minecraft:stone_pickaxe":5,"luminousworld:groundpebbles_1":2,"minecraft:iron_chestplate":1,"minecraft:mossy_cobblestone":3,"minecraft:dirt":24,"minecraft:crafting_table":3,"minecraft:bread":6,"minecraft:stone_button":1,"minecraft:iron_pickaxe":6,"minecraft:map":1,"minecraft:iron_helmet":1,"minecraft:iron_boots":1,"minecraft:stone_axe":92,"luminousworld:raw_venison":1,"minecraft:bucket":1,"tombstone:gift":1,"alexsmobs:animal_dictionary":2,"minecraft:pumpkin":4,"minecraft:iron_leggings":1},"minecraft:killed_by":{"undead_revamp2:thehunter":1,"earthmobsmod:hyper_rabbit":1},"minecraft:custom":{"minecraft:mob_kills":10,"minecraft:animals_bred":1,"minecraft:interact_with_crafting_table":3,"minecraft:open_barrel":2,"minecraft:damage_dealt_resisted":6,"minecraft:eat_cake_slice":7,"minecraft:leave_game":2,"minecraft:time_since_death":571,"minecraft:climb_one_cm":2650,"minecraft:time_since_rest":522,"minecraft:sprint_one_cm":113054,"minecraft:damage_taken":879,"minecraft:walk_one_cm":164706,"minecraft:drop":1,"minecraft:damage_dealt":1230,"minecraft:damage_dealt_absorbed":8,"minecraft:swim_one_cm":2826,"minecraft:talked_to_villager":2,"minecraft:fly_one_cm":230007,"minecraft:open_chest":6,"minecraft:crouch_one_cm":441,"minecraft:play_time":26373,"tombstone:undead_killed":1,"minecraft:deaths":2,"minecraft:sneak_time":112,"minecraft:walk_under_water_one_cm":4437,"minecraft:jump":1193,"minecraft:walk_on_water_one_cm":1764,"minecraft:total_world_time":26373,"minecraft:fall_one_cm":40461}},"DataVersion":3465}