{"stats":{"minecraft:killed_by":{"undead_revamp2:thehunter":1,"earthmobsmod:hyper_rabbit":1},"minecraft:crafted":{"minecraft:oak_planks":184,"minecraft:diamond_helmet":1,"minecraft:diamond_leggings":1,"minecraft:iron_axe":1,"minecraft:stone_pickaxe":1,"minecraft:diamond_boots":1,"minecraft:wheat":225,"minecraft:crafting_table":3,"minecraft:spruce_planks":12,"minecraft:birch_planks":4,"minecraft:stone_axe":1,"minecraft:bread":104,"minecraft:diamond_pickaxe":1,"minecraft:stick":16,"quark:oak_chest":8,"minecraft:iron_ingot":9,"minecraft:iron_pickaxe":1,"minecraft:iron_shovel":1,"minecraft:torch":16,"minecraft:diamond_chestplate":1},"minecraft:custom":{"minecraft:interact_with_smithing_table":1,"minecraft:mob_kills":30,"minecraft:animals_bred":1,"minecraft:interact_with_crafting_table":17,"minecraft:open_barrel":10,"minecraft:bell_ring":6,"minecraft:damage_dealt_resisted":6,"minecraft:eat_cake_slice":7,"minecraft:leave_game":2,"minecraft:time_since_death":44979,"minecraft:climb_one_cm":7968,"minecraft:sprint_one_cm":170996,"minecraft:walk_one_cm":358591,"minecraft:drop":25,"minecraft:damage_dealt_absorbed":8,"minecraft:talked_to_villager":8,"minecraft:play_time":70781,"minecraft:deaths":2,"minecraft:sneak_time":1469,"minecraft:walk_under_water_one_cm":4437,"minecraft:jump":2075,"minecraft:interact_with_blast_furnace":1,"minecraft:walk_on_water_one_cm":2341,"minecraft:total_world_time":70781,"minecraft:interact_with_furnace":1,"minecraft:sleep_in_bed":1,"minecraft:time_since_rest":32990,"minecraft:damage_taken":1947,"minecraft:damage_absorbed":40,"minecraft:damage_dealt":5478,"minecraft:swim_one_cm":2826,"minecraft:fly_one_cm":350754,"minecraft:open_chest":23,"minecraft:crouch_one_cm":4059,"tombstone:undead_killed":7,"minecraft:fall_one_cm":59662},"minecraft:mined":{"luminousworld:groundpebbles_1":1,"minecraft:tuff":3,"iceandfire:silver_ore":1,"minecraft:mossy_cobblestone":3,"luminousworld:grassvariant_4":5,"minecraft:deepslate_diamond_ore":40,"minecraft:cherry_log":1,"born_in_chaos_v1:infected_diamond_ore":2,"minecraft:granite":7,"minecraft:grass_block":6,"luminousworld:grassvariant_2":3,"minecraft:oxeye_daisy":1,"minecraft:hay_block":26,"minecraft:iron_ore":20,"minecraft:cobbled_deepslate":1,"minecraft:andesite":4,"minecraft:pumpkin":9,"minecraft:deepslate_lapis_ore":8,"minecraft:bookshelf":6,"minecraft:dirt_path":3,"minecraft:vine":7,"minecraft:stone":183,"minecraft:iron_block":1,"minecraft:stone_brick_slab":1,"minecraft:dandelion":1,"minecraft:crafting_table":5,"minecraft:tall_grass":8,"minecraft:cobblestone":6,"minecraft:lapis_ore":7,"minecraft:deepslate_gold_ore":22,"minecraft:oak_planks":15,"minecraft:wall_torch":1,"minecraft:birch_log":1,"minecraft:wheat":15,"minecraft:spruce_log":3,"minecraft:birch_leaves":2,"minecraft:grass":7,"minecraft:oak_log":47,"minecraft:coal_ore":20,"luminousworld:ishstone":16,"minecraft:gravel":8,"minecraft:dripstone_block":3,"minecraft:dirt":24,"luminousworld:grassvariant_3":1,"minecraft:cracked_stone_bricks":6,"minecraft:stone_bricks":3,"minecraft:mossy_stone_bricks":7,"minecraft:oak_leaves":2,"minecraft:deepslate":369},"minecraft:broken":{"minecraft:stone_axe":1,"minecraft:iron_pickaxe":1},"minecraft:killed":{"luminousworld:deer":1,"minecraft:cave_spider":5,"creeperoverhaul:dripstone_creeper":1,"minecraft:skeleton":1,"minecraft:chicken":4,"artifacts:mimic":1,"born_in_chaos_v1:diamond_termite":5,"undead_revamp2:the_moonflower":4,"born_in_chaos_v1:decrepit_skeleton":1,"minecraft:sheep":4,"minecraft:zombie":1},"minecraft:picked_up":{"minecraft:crafting_table":5,"luminousworld:groundpebbles_1":2,"minecraft:iron_chestplate":1,"born_in_chaos_v1:diamond_termite_shard":4,"minecraft:wheat":89,"artifacts:night_vision_goggles":1,"minecraft:chicken":4,"minecraft:chest_minecart":2,"minecraft:string":7,"minecraft:iron_shovel":1,"minecraft:cracked_stone_bricks":3,"minecraft:cobbled_deepslate":366,"minecraft:iron_pickaxe":1,"supplementaries:rope":36,"minecraft:raw_iron":20,"minecraft:oak_fence":2,"minecraft:torch":35,"minecraft:pointed_dripstone":3,"minecraft:stone_button":1,"tombstone:grave_dust":1,"born_in_chaos_v1:pieceofdarkmetal":1,"minecraft:rotten_flesh":14,"minecraft:hay_block":25,"minecraft:iron_block":1,"minecraft:glow_berries":5,"minecraft:mutton":7,"minecraft:rail":3,"minecraft:white_wool":2,"minecraft:cobblestone":203,"minecraft:oxeye_daisy":1,"minecraft:birch_log":1,"minecraft:feather":2,"minecraft:andesite":4,"luminousworld:ishstone":16,"minecraft:flint":1,"minecraft:tuff":3,"minecraft:oak_log":47,"luminousworld:raw_venison":1,"minecraft:lapis_lazuli":96,"minecraft:dirt":41,"minecraft:lantern":2,"minecraft:bone":4,"minecraft:stone_bricks":2,"minecraft:bow":1,"minecraft:wheat_seeds":159,"minecraft:raw_gold":22,"minecraft:iron_ingot":3,"minecraft:mossy_stone_bricks":11,"minecraft:powered_rail":1,"minecraft:iron_sword":1,"minecraft:oak_planks":18,"minecraft:book":18,"luminousworld:clovers_1":1,"minecraft:pumpkin":8,"minecraft:stone_brick_slab":1,"minecraft:gravel":7,"minecraft:dripstone_block":4,"minecraft:spruce_log":3,"minecraft:mossy_cobblestone":3,"minecraft:pumpkin_seeds":7,"minecraft:diamond":41,"minecraft:granite":7,"minecraft:golden_apple":1,"minecraft:bread":2,"minecraft:emerald":2,"minecraft:black_wool":2,"minecraft:coal":20,"iceandfire:raw_silver":1},"minecraft:used":{"minecraft:iron_shovel":10,"minecraft:spruce_planks":6,"minecraft:iron_sword":156,"minecraft:iron_chestplate":1,"minecraft:torch":19,"minecraft:dirt":24,"minecraft:tuff":1,"minecraft:lantern":2,"minecraft:iron_axe":46,"minecraft:iron_helmet":1,"minecraft:iron_boots":1,"luminousworld:raw_venison":1,"tombstone:gift":1,"minecraft:cobbled_deepslate":54,"minecraft:pumpkin":4,"minecraft:iron_leggings":1,"minecraft:wheat_seeds":14,"minecraft:stone_pickaxe":5,"minecraft:oak_planks":6,"luminousworld:groundpebbles_1":2,"minecraft:golden_apple":1,"minecraft:mossy_cobblestone":3,"minecraft:crafting_table":8,"minecraft:oak_log":1,"minecraft:diamond_pickaxe":357,"minecraft:map":1,"minecraft:bread":29,"minecraft:iron_pickaxe":409,"minecraft:stone_button":1,"minecraft:gravel":2,"minecraft:stone_axe":92,"minecraft:cobblestone":173,"minecraft:bucket":1,"minecraft:chest_minecart":1,"quark:oak_chest":8,"alexsmobs:animal_dictionary":2},"minecraft:dropped":{"minecraft:wheat_seeds":1,"minecraft:diamond":1,"minecraft:dripstone_block":4,"minecraft:oak_fence":1,"minecraft:cobblestone":15,"minecraft:chest_minecart":1,"minecraft:cracked_stone_bricks":2,"minecraft:golden_apple":1,"supplementaries:rope":24,"minecraft:gravel":5,"minecraft:cobbled_deepslate":64,"minecraft:rotten_flesh":1,"minecraft:pumpkin_seeds":4,"minecraft:mossy_stone_bricks":6,"minecraft:stone_bricks":1,"minecraft:powered_rail":1}},"DataVersion":3465}